AgentType;TaskName;Distance;Collisions;Collisions_Medicine distribution;Collisions_Undergoing triage;Collisions_monitoring patients;Collisions_Patient round;Collisions_Supporting family member;Collisions_Writing report;Collisions_Monitoring patients;Collisions_Wheeling patient on a stretcher;Collisions_Bringing wheelchair;Collisions_Cleaner;Collisions_Admitting patient in waiting area;Duration;pos0x;pos0y;pos0z;pos1x;pos1y;pos1z;pos2x;pos2y;pos2z;pos3x;pos3y;pos3z;pos4x;pos4y;pos4z;pos5x;pos5y;pos5z;pos6x;pos6y;pos6z;pos7x;pos7y;pos7z;pos8x;pos8y;pos8z;pos9x;pos9y;pos9z;pos10x;pos10y;pos10z;pos11x;pos11y;pos11z;pos12x;pos12y;pos12z;pos13x;pos13y;pos13z;pos14x;pos14y;pos14z;pos15x;pos15y;pos15z;pos16x;pos16y;pos16z;pos17x;pos17y;pos17z;pos18x;pos18y;pos18z;pos19x;pos19y;pos19z;pos20x;pos20y;pos20z;pos21x;pos21y;pos21z;pos22x;pos22y;pos22z;pos23x;pos23y;pos23z;pos24x;pos24y;pos24z;pos25x;pos25y;pos25z;pos26x;pos26y;pos26z;pos27x;pos27y;pos27z;pos28x;pos28y;pos28z;pos29x;pos29y;pos29z;pos30x;pos30y;pos30z;pos31x;pos31y;pos31z;pos32x;pos32y;pos32z;pos33x;pos33y;pos33z;pos34x;pos34y;pos34z;pos35x;pos35y;pos35z;pos36x;pos36y;pos36z;pos37x;pos37y;pos37z;pos38x;pos38y;pos38z;pos39x;pos39y;pos39z;pos40x;pos40y;pos40z;pos41x;pos41y;pos41z;pos42x;pos42y;pos42z;pos43x;pos43y;pos43z;pos44x;pos44y;pos44z;pos45x;pos45y;pos45z;pos46x;pos46y;pos46z;pos47x;pos47y;pos47z;pos48x;pos48y;pos48z;pos49x;pos49y;pos49z;pos50x;pos50y;pos50z;pos51x;pos51y;pos51z;pos52x;pos52y;pos52z;pos53x;pos53y;pos53z;pos54x;pos54y;pos54z;pos55x;pos55y;pos55z;pos56x;pos56y;pos56z;pos57x;pos57y;pos57z;pos58x;pos58y;pos58z;pos59x;pos59y;pos59z;pos60x;pos60y;pos60z;pos61x;pos61y;pos61z;pos62x;pos62y;pos62z;pos63x;pos63y;pos63z;pos64x;pos64y;pos64z;pos65x;pos65y;pos65z;pos66x;pos66y;pos66z;pos67x;pos67y;pos67z;pos68x;pos68y;pos68z;pos69x;pos69y;pos69z;pos70x;pos70y;pos70z;pos71x;pos71y;pos71z
Nurse;Medicine distribution;17.54331;0;0;0;0;0;0;0;0;0;0;0;0;9.475035;-27.76621;1.016656;-25.8553;-27.72961;1.016656;-26.1052;-27.67114;1.016656;-26.30145;-27.58615;1.016656;-26.54655;-27.46609;1.016656;-26.78535;-27.33534;1.016656;-26.99562;-27.19519;1.016656;-27.2208;-27.05484;1.016656;-27.44632;-26.92775;1.016656;-27.65053;-26.79897;1.016656;-27.85744;-26.66006;1.016656;-28.08063;-26.53183;1.016656;-28.28666;-26.29773;1.016656;-28.50262;-26.19449;1.016656;-28.67637;-26.05026;1.016656;-28.91913;-25.94319;1.016656;-29.09935;-25.81881;1.016656;-29.3087;-25.68021;1.016656;-29.54197;-25.55716;1.016656;-29.74908;-25.45306;1.016656;-29.9243;-25.2995;1.016656;-30.18274;-25.19547;1.016656;-30.35784;-25.0473;1.016656;-30.60723;-24.91793;1.016656;-30.82498;-24.80088;1.016656;-31.02199;-24.6971;1.016656;-31.19666;-24.59332;1.016656;-31.37135;-24.4694;1.016656;-31.57991;-24.36442;1.016656;-31.75606;-24.24136;1.016656;-31.96176;-24.09348;1.016656;-32.17714;-24.10666;1.016656;-32.446;-24.13449;1.016656;-32.68519;-24.16108;1.016656;-32.91363;-24.19374;1.016656;-33.19427;-24.22589;1.016656;-33.47061;-24.25952;1.016656;-33.7595;-24.28284;1.016656;-33.96251;-24.30805;1.016656;-34.18539;-24.33138;1.016656;-34.38729;-24.36725;1.016656;-34.69898;-24.40485;1.016656;-35.01413;-24.45493;1.016656;-35.22234;-24.5833;1.016656;-35.37486;-24.7949;1.016656;-35.49592;-24.99117;1.016656;-35.59651;-25.21888;1.016656;-35.71999;-25.4795;1.016656;-35.81662;-25.74816;1.016656;-35.91213;-26.01731;1.016656;-36.00782;-26.28915;1.016656;-36.10446;-26.4835;1.016656;-36.17355;-26.70727;1.016656;-36.25311;-26.92993;1.016656;-36.33226;-27.18312;1.016656;-36.42228;-27.37574;1.016656;-36.49075;-27.58554;1.016656;-36.56534;-27.84666;1.016656;-36.65817;-28.07222;1.016656;-36.73836;-28.3354;1.016656;-36.83192;-28.60221;1.016656;-36.92677;-28.81056;1.016656;-36.99972;-28.95369;1.016656;-37.06093;-29.18934;1.016656;-37.14011;-29.40372;1.016656;-37.21378;-29.61944;1.016656;-37.28818;-29.85118;1.016656;-37.37069;-30.04454;1.016656;-37.43761;-30.25683;1.016656;-37.59432;-30.43166;1.016656;-37.73757;-30.61286;1.016656;-37.88603;-30.88268;1.016656;-38.10711
Nurse;Medicine distribution;15.5007;0;0;0;0;0;0;0;0;0;0;0;0;8.458536;-27.46722;1.016656;-25.29477;-27.44201;1.016656;-25.35233;-27.36102;1.016656;-25.54822;-27.25485;1.016656;-25.75461;-27.15505;1.016656;-25.92508;-27.05433;1.016656;-26.10346;-26.94599;1.016656;-26.30116;-26.84621;1.016656;-26.48855;-26.88475;1.016656;-26.98508;-26.80647;1.016656;-27.16093;-26.69255;1.016656;-27.40047;-26.62162;1.016656;-27.59617;-26.53877;1.016656;-27.82393;-26.44535;1.016656;-28.07771;-26.36133;1.016656;-28.30299;-26.28925;1.016656;-28.49355;-26.19156;1.016656;-28.70979;-26.19667;1.016656;-28.86819;-26.22214;1.016656;-29.08761;-26.21619;1.016656;-29.28732;-26.20769;1.016656;-29.46912;-26.19964;1.016656;-29.63168;-26.1933;1.016656;-29.79413;-26.19538;1.016656;-29.97217;-26.19505;1.016656;-30.12301;-26.13698;1.016656;-30.16667;-25.92544;1.016656;-30.24051;-25.73169;1.016656;-30.4149;-25.56617;1.016656;-30.58979;-25.40808;1.016656;-30.75683;-25.21387;1.016656;-30.96204;-25.02264;1.016656;-31.1641;-24.82273;1.016656;-31.37534;-24.68198;1.016656;-31.52406;-24.48466;1.016656;-31.67822;-24.35698;1.016656;-31.83703;-24.16029;1.016656;-32.08288;-24.02598;1.016656;-32.35174;-24.04353;1.016656;-32.56763;-24.07477;1.016656;-32.77806;-24.11078;1.016656;-33.02042;-24.14328;1.016656;-33.2391;-24.19069;1.016656;-33.56364;-24.23179;1.016656;-33.83916;-24.27274;1.016656;-34.11998;-24.31405;1.016656;-34.40128;-24.35682;1.016656;-34.68586;-24.3877;1.016656;-34.88929;-24.4246;1.016656;-35.1239;-24.52402;1.016656;-35.31973;-24.62509;1.016656;-35.49099;-24.76663;1.016656;-35.62975;-24.91964;1.016656;-35.7831;-25.11364;1.016656;-35.97099;-25.28256;1.016656;-36.12678;-25.4858;1.016656;-36.30478;-25.71218;1.016656;-36.4711;-25.91984;1.016656;-36.57379;-26.11437;1.016656;-36.65322;-26.3427;1.016656;-36.74291;-26.55434;1.016656;-36.82023;-26.76512;1.016656;-36.90268;-26.98731;1.016656;-36.99598;-27.17351;1.016656;-37.07148;-27.41645;1.016656;-37.16666;-27.61617;1.016656;-37.25506;-27.79554;1.016656;-37.36392;-27.986;1.016656;-37.55646;NaN;NaN;NaN;NaN;NaN;NaN;NaN;NaN;NaN;NaN;NaN;NaN
Nurse;Medicine distribution;13.68113;0;0;0;0;0;0;0;0;0;0;0;0;7.47279;-26.276;1.016656;-25.40279;-26.25014;1.016656;-25.4854;-26.1754;1.016656;-25.7241;-26.11276;1.016656;-25.92415;-26.04;1.016656;-26.15653;-25.95893;1.016656;-26.41548;-25.88695;1.016656;-26.64538;-25.82605;1.016656;-26.83988;-25.73623;1.016656;-27.12677;-25.67538;1.016656;-27.32113;-25.5887;1.016656;-27.59797;-25.51302;1.016656;-27.83968;-25.44455;1.016656;-28.05837;-25.38384;1.016656;-28.25227;-25.32313;1.016656;-28.44617;-25.25065;1.016656;-28.67769;-25.18926;1.016656;-28.87375;-25.07189;1.016656;-29.04374;-24.78673;1.016656;-29.11701;-24.6246;1.016656;-29.25094;-24.50301;1.016656;-29.38845;-24.38519;1.016656;-29.52047;-24.2547;1.016656;-29.67791;-24.14009;1.016656;-29.8273;-24.03961;1.016656;-29.97286;-23.95209;1.016656;-30.09746;-23.82993;1.016656;-30.23235;-23.71618;1.016656;-30.37308;-23.57403;1.016656;-30.5987;-23.43796;1.016656;-30.84253;-23.3448;1.016656;-31.00363;-23.29535;1.016656;-31.22851;-23.25013;1.016656;-31.50611;-23.21386;1.016656;-31.76068;-23.31217;1.016656;-31.98209;-23.40757;1.016656;-32.24382;-23.50521;1.016656;-32.51171;-23.60303;1.016656;-32.7801;-23.70183;1.016656;-33.05116;-23.77247;1.016656;-33.24496;-23.85379;1.016656;-33.46809;-23.93472;1.016656;-33.69011;-24.02547;1.016656;-33.9417;-24.09463;1.016656;-34.13305;-24.1701;1.016656;-34.34142;-24.2648;1.016656;-34.60095;-24.34653;1.016656;-34.82474;-24.44517;1.016656;-35.08563;-24.62827;1.016656;-35.2942;-24.80053;1.016656;-35.43081;-24.89207;1.016656;-35.50323;-25.08995;1.016656;-35.65228;-25.28503;1.016656;-35.76361;-25.50034;1.016656;-35.83971;-25.73238;1.016656;-35.92138;-25.92563;1.016656;-35.9894;-26.17633;1.016656;-36.07764;-26.38954;1.016656;-36.15268;-26.61051;1.016656;-36.23046;-26.93954;1.016656;-36.34627;NaN;NaN;NaN;NaN;NaN;NaN;NaN;NaN;NaN;NaN;NaN;NaN;NaN;NaN;NaN;NaN;NaN;NaN;NaN;NaN;NaN;NaN;NaN;NaN;NaN;NaN;NaN;NaN;NaN;NaN;NaN;NaN;NaN;NaN;NaN;NaN
Nurse;Medicine distribution;11.01203;0;0;0;0;0;0;0;0;0;0;0;0;6.482384;-26.28;1.016656;-25.39;-26.25824;1.016656;-25.45951;-26.18493;1.016656;-25.69363;-26.10951;1.016656;-25.93452;-26.04122;1.016656;-26.15264;-25.98065;1.016656;-26.3461;-25.92005;1.016656;-26.53964;-25.84768;1.016656;-26.7708;-25.78637;1.016656;-26.9666;-25.71511;1.016656;-27.19433;-25.6324;1.016656;-27.47693;-25.56476;1.016656;-27.70971;-25.50846;1.016656;-27.91282;-25.4569;1.016656;-28.10523;-25.39595;1.016656;-28.34096;-25.33899;1.016656;-28.57197;-25.17686;1.016656;-28.80539;-25.11756;1.016656;-29.00137;-25.05228;1.016656;-29.21707;-24.99326;1.016656;-29.41211;-24.90195;1.016656;-29.71382;-24.80958;1.016656;-30.01903;-24.74554;1.016656;-30.23066;-24.68392;1.016656;-30.43429;-24.61272;1.016656;-30.66814;-24.5483;1.016656;-30.87853;-24.62584;1.016656;-31.06902;-24.65872;1.016656;-31.21764;-24.64003;1.016656;-31.35103;-24.56986;1.016656;-31.49795;-24.48067;1.016656;-31.6506;-24.40086;1.016656;-31.76459;-24.24147;1.016656;-31.84224;-24.1933;1.016656;-32.02192;-24.2016;1.016656;-32.23602;-24.22079;1.016656;-32.4016;-24.23966;1.016656;-32.58462;-24.26007;1.016656;-32.81706;-24.2759;1.016656;-33.02097;-24.29233;1.016656;-33.2634;-24.30769;1.016656;-33.51291;-24.31768;1.016656;-33.70688;-24.32384;1.016656;-33.88255;-24.32698;1.016656;-34.0874;-24.3287;1.016656;-34.27766;-24.33241;1.016656;-34.47396;-24.34472;1.016656;-34.6925;-24.36726;1.016656;-34.8792;-24.42962;1.016656;-35.12128;-24.57181;1.016656;-35.28173;-24.76178;1.016656;-35.41878;-25.04322;1.016656;-35.61848;NaN;NaN;NaN;NaN;NaN;NaN;NaN;NaN;NaN;NaN;NaN;NaN;NaN;NaN;NaN;NaN;NaN;NaN;NaN;NaN;NaN;NaN;NaN;NaN;NaN;NaN;NaN;NaN;NaN;NaN;NaN;NaN;NaN;NaN;NaN;NaN;NaN;NaN;NaN;NaN;NaN;NaN;NaN;NaN;NaN;NaN;NaN;NaN;NaN;NaN;NaN;NaN;NaN;NaN;NaN;NaN;NaN;NaN;NaN;NaN
Nurse;Medicine distribution;10.35123;0;0;0;0;0;0;0;0;0;0;0;0;5.452099;-26.28;1.016656;-25.39;-26.40605;1.016656;-25.3443;-26.65174;1.016656;-25.27068;-26.88268;1.016656;-25.20246;-27.10324;1.016656;-25.13731;-27.3742;1.016656;-25.05727;-27.64101;1.016656;-24.97846;-27.89911;1.016656;-24.9021;-28.07309;1.016656;-24.85061;-28.28922;1.016656;-24.78677;-28.48464;1.016656;-24.72906;-28.78696;1.016656;-24.63977;-29.09279;1.016656;-24.54945;-29.30484;1.016656;-24.48682;-29.50887;1.016656;-24.42657;-29.74386;1.016656;-24.35717;-29.95588;1.016656;-24.29455;-30.23841;1.016656;-24.1303;-30.508;1.016656;-24.06017;-30.7817;1.016656;-23.98794;-31.05759;1.016656;-23.91469;-31.33615;1.016656;-23.84065;-31.53555;1.016656;-23.78837;-31.76511;1.016656;-23.72819;-31.99331;1.016656;-23.66796;-32.25312;1.016656;-23.60063;-32.4515;1.016656;-23.55176;-32.66777;1.016656;-23.49999;-32.93952;1.016656;-23.44557;-33.17425;1.016656;-23.39862;-33.44815;1.016656;-23.34384;-33.72582;1.016656;-23.28829;-33.94242;1.016656;-23.24497;-34.0848;1.016656;-23.20121;-34.32903;1.016656;-23.15319;-34.55159;1.016656;-23.10945;-34.77566;1.016656;-23.0654;-35.01703;1.016656;-23.01796;-35.21806;1.016656;-22.97844;-35.47885;1.016656;-22.92718;-35.70063;1.016656;-22.88358;-35.93048;1.016656;-22.8384;-36.27275;1.016656;-22.77113;NaN;NaN;NaN;NaN;NaN;NaN;NaN;NaN;NaN;NaN;NaN;NaN;NaN;NaN;NaN;NaN;NaN;NaN;NaN;NaN;NaN;NaN;NaN;NaN;NaN;NaN;NaN;NaN;NaN;NaN;NaN;NaN;NaN;NaN;NaN;NaN;NaN;NaN;NaN;NaN;NaN;NaN;NaN;NaN;NaN;NaN;NaN;NaN;NaN;NaN;NaN;NaN;NaN;NaN;NaN;NaN;NaN;NaN;NaN;NaN;NaN;NaN;NaN;NaN;NaN;NaN;NaN;NaN;NaN;NaN;NaN;NaN;NaN;NaN;NaN;NaN;NaN;NaN;NaN;NaN;NaN;NaN;NaN;NaN;NaN;NaN;NaN
Nurse;Medicine distribution;8.345706;0;0;0;0;0;0;0;0;0;0;0;0;4.479856;-26.28;1.016656;-25.39;-26.34437;1.016656;-25.37089;-26.50547;1.016656;-25.32306;-26.70081;1.016656;-25.26506;-27.003;1.016656;-25.17534;-27.30869;1.016656;-25.08457;-27.52065;1.016656;-25.02164;-27.7246;1.016656;-24.96109;-27.95948;1.016656;-24.89135;-28.17141;1.016656;-24.82842;-28.47331;1.016656;-24.73883;-28.74035;1.016656;-24.65954;-29.01369;1.016656;-24.57838;-29.28754;1.016656;-24.49707;-29.56411;1.016656;-24.41495;-29.76184;1.016656;-24.35624;-29.91937;1.016656;-24.20641;-30.14821;1.016656;-24.14747;-30.40845;1.016656;-24.08047;-30.60641;1.016656;-24.02949;-30.82204;1.016656;-23.97397;-31.08944;1.016656;-23.90246;-31.32089;1.016656;-23.84198;-31.59086;1.016656;-23.77127;-31.86437;1.016656;-23.6993;-32.07792;1.016656;-23.64387;-32.26781;1.016656;-23.59733;-32.48612;1.016656;-23.54408;-32.68875;1.016656;-23.4966;-32.89692;1.016656;-23.455;-33.12466;1.016656;-23.4095;-33.31597;1.016656;-23.37127;-33.56569;1.016656;-23.32134;-33.77977;1.016656;-23.27852;-33.94159;1.016656;-23.20975;-34.28413;1.016656;-23.14388;NaN;NaN;NaN;NaN;NaN;NaN;NaN;NaN;NaN;NaN;NaN;NaN;NaN;NaN;NaN;NaN;NaN;NaN;NaN;NaN;NaN;NaN;NaN;NaN;NaN;NaN;NaN;NaN;NaN;NaN;NaN;NaN;NaN;NaN;NaN;NaN;NaN;NaN;NaN;NaN;NaN;NaN;NaN;NaN;NaN;NaN;NaN;NaN;NaN;NaN;NaN;NaN;NaN;NaN;NaN;NaN;NaN;NaN;NaN;NaN;NaN;NaN;NaN;NaN;NaN;NaN;NaN;NaN;NaN;NaN;NaN;NaN;NaN;NaN;NaN;NaN;NaN;NaN;NaN;NaN;NaN;NaN;NaN;NaN;NaN;NaN;NaN;NaN;NaN;NaN;NaN;NaN;NaN;NaN;NaN;NaN;NaN;NaN;NaN;NaN;NaN;NaN;NaN;NaN;NaN;NaN;NaN;NaN
Nurse;Medicine distribution;6.486675;0;0;0;0;0;0;0;0;0;0;0;0;3.460445;-26.28;1.016656;-25.39;-26.30342;1.016656;-25.38305;-26.5137;1.016656;-25.32061;-26.78075;1.016656;-25.24132;-27.05409;1.016656;-25.16017;-27.32793;1.016656;-25.07886;-27.6045;1.016656;-24.99674;-27.80224;1.016656;-24.93804;-28.01066;1.016656;-24.87615;-28.23579;1.016656;-24.80931;-28.4934;1.016656;-24.73282;-28.68937;1.016656;-24.67463;-28.90282;1.016656;-24.61126;-29.1685;1.016656;-24.53238;-29.39798;1.016656;-24.46425;-29.66574;1.016656;-24.38475;-29.9372;1.016656;-24.30415;-30.14896;1.016656;-24.24128;-30.33843;1.016656;-24.12565;-30.5787;1.016656;-24.06065;-30.79769;1.016656;-24.00157;-31.01817;1.016656;-23.94209;-31.25566;1.016656;-23.87802;-31.45346;1.016656;-23.82466;-31.71007;1.016656;-23.75543;-31.92746;1.016656;-23.69456;-32.15292;1.016656;-23.63206;-32.48936;1.016656;-23.54162;NaN;NaN;NaN;NaN;NaN;NaN;NaN;NaN;NaN;NaN;NaN;NaN;NaN;NaN;NaN;NaN;NaN;NaN;NaN;NaN;NaN;NaN;NaN;NaN;NaN;NaN;NaN;NaN;NaN;NaN;NaN;NaN;NaN;NaN;NaN;NaN;NaN;NaN;NaN;NaN;NaN;NaN;NaN;NaN;NaN;NaN;NaN;NaN;NaN;NaN;NaN;NaN;NaN;NaN;NaN;NaN;NaN;NaN;NaN;NaN;NaN;NaN;NaN;NaN;NaN;NaN;NaN;NaN;NaN;NaN;NaN;NaN;NaN;NaN;NaN;NaN;NaN;NaN;NaN;NaN;NaN;NaN;NaN;NaN;NaN;NaN;NaN;NaN;NaN;NaN;NaN;NaN;NaN;NaN;NaN;NaN;NaN;NaN;NaN;NaN;NaN;NaN;NaN;NaN;NaN;NaN;NaN;NaN;NaN;NaN;NaN;NaN;NaN;NaN;NaN;NaN;NaN;NaN;NaN;NaN;NaN;NaN;NaN;NaN;NaN;NaN;NaN;NaN;NaN;NaN;NaN;NaN
Nurse;Medicine distribution;4.432405;0;0;0;0;0;0;0;0;0;0;0;0;2.449991;-26.28;1.016656;-25.39;-26.25822;1.016656;-25.45956;-26.1905;1.016656;-25.67585;-26.12942;1.016656;-25.87094;-26.06289;1.016656;-26.08343;-25.98009;1.016656;-26.34791;-25.90856;1.016656;-26.57635;-25.8251;1.016656;-26.84291;-25.74049;1.016656;-27.11315;-25.67449;1.016656;-27.32395;-25.61383;1.016656;-27.51769;-25.53946;1.016656;-27.75522;-25.47169;1.016656;-27.97168;-25.40346;1.016656;-28.18961;-25.32996;1.016656;-28.42436;-25.26875;1.016656;-28.61987;-25.18933;1.016656;-28.87351;-25.1218;1.016656;-29.08922;-25.0518;1.016656;-29.31277;-24.89823;1.016656;-29.59562;NaN;NaN;NaN;NaN;NaN;NaN;NaN;NaN;NaN;NaN;NaN;NaN;NaN;NaN;NaN;NaN;NaN;NaN;NaN;NaN;NaN;NaN;NaN;NaN;NaN;NaN;NaN;NaN;NaN;NaN;NaN;NaN;NaN;NaN;NaN;NaN;NaN;NaN;NaN;NaN;NaN;NaN;NaN;NaN;NaN;NaN;NaN;NaN;NaN;NaN;NaN;NaN;NaN;NaN;NaN;NaN;NaN;NaN;NaN;NaN;NaN;NaN;NaN;NaN;NaN;NaN;NaN;NaN;NaN;NaN;NaN;NaN;NaN;NaN;NaN;NaN;NaN;NaN;NaN;NaN;NaN;NaN;NaN;NaN;NaN;NaN;NaN;NaN;NaN;NaN;NaN;NaN;NaN;NaN;NaN;NaN;NaN;NaN;NaN;NaN;NaN;NaN;NaN;NaN;NaN;NaN;NaN;NaN;NaN;NaN;NaN;NaN;NaN;NaN;NaN;NaN;NaN;NaN;NaN;NaN;NaN;NaN;NaN;NaN;NaN;NaN;NaN;NaN;NaN;NaN;NaN;NaN;NaN;NaN;NaN;NaN;NaN;NaN;NaN;NaN;NaN;NaN;NaN;NaN;NaN;NaN;NaN;NaN;NaN;NaN;NaN;NaN;NaN;NaN;NaN;NaN
Nurse;Medicine distribution;2.368737;0;0;0;0;0;0;0;0;0;0;0;0;1.466452;-27.07907;1.016656;-26.02018;-27.1025;1.016656;-26.1472;-27.05249;1.016656;-26.30526;-26.9577;1.016656;-26.51477;-26.86991;1.016656;-26.70595;-26.78093;1.016656;-26.89828;-26.68413;1.016656;-27.10526;-26.60295;1.016656;-27.27756;-26.49702;1.016656;-27.50101;-26.40613;1.016656;-27.69099;-26.31115;1.016656;-27.88789;-26.1688;1.016656;-28.18126;NaN;NaN;NaN;NaN;NaN;NaN;NaN;NaN;NaN;NaN;NaN;NaN;NaN;NaN;NaN;NaN;NaN;NaN;NaN;NaN;NaN;NaN;NaN;NaN;NaN;NaN;NaN;NaN;NaN;NaN;NaN;NaN;NaN;NaN;NaN;NaN;NaN;NaN;NaN;NaN;NaN;NaN;NaN;NaN;NaN;NaN;NaN;NaN;NaN;NaN;NaN;NaN;NaN;NaN;NaN;NaN;NaN;NaN;NaN;NaN;NaN;NaN;NaN;NaN;NaN;NaN;NaN;NaN;NaN;NaN;NaN;NaN;NaN;NaN;NaN;NaN;NaN;NaN;NaN;NaN;NaN;NaN;NaN;NaN;NaN;NaN;NaN;NaN;NaN;NaN;NaN;NaN;NaN;NaN;NaN;NaN;NaN;NaN;NaN;NaN;NaN;NaN;NaN;NaN;NaN;NaN;NaN;NaN;NaN;NaN;NaN;NaN;NaN;NaN;NaN;NaN;NaN;NaN;NaN;NaN;NaN;NaN;NaN;NaN;NaN;NaN;NaN;NaN;NaN;NaN;NaN;NaN;NaN;NaN;NaN;NaN;NaN;NaN;NaN;NaN;NaN;NaN;NaN;NaN;NaN;NaN;NaN;NaN;NaN;NaN;NaN;NaN;NaN;NaN;NaN;NaN;NaN;NaN;NaN;NaN;NaN;NaN;NaN;NaN;NaN;NaN;NaN;NaN;NaN;NaN;NaN;NaN;NaN;NaN;NaN;NaN;NaN;NaN;NaN;NaN
Nurse;Medicine distribution;0.4656697;0;0;0;0;0;0;0;0;0;0;0;0;0.4708824;-26.28;1.016656;-25.39;-26.25561;1.016656;-25.39753;-26.19707;1.016656;-25.49198;-26.09672;1.016656;-25.80533;NaN;NaN;NaN;NaN;NaN;NaN;NaN;NaN;NaN;NaN;NaN;NaN;NaN;NaN;NaN;NaN;NaN;NaN;NaN;NaN;NaN;NaN;NaN;NaN;NaN;NaN;NaN;NaN;NaN;NaN;NaN;NaN;NaN;NaN;NaN;NaN;NaN;NaN;NaN;NaN;NaN;NaN;NaN;NaN;NaN;NaN;NaN;NaN;NaN;NaN;NaN;NaN;NaN;NaN;NaN;NaN;NaN;NaN;NaN;NaN;NaN;NaN;NaN;NaN;NaN;NaN;NaN;NaN;NaN;NaN;NaN;NaN;NaN;NaN;NaN;NaN;NaN;NaN;NaN;NaN;NaN;NaN;NaN;NaN;NaN;NaN;NaN;NaN;NaN;NaN;NaN;NaN;NaN;NaN;NaN;NaN;NaN;NaN;NaN;NaN;NaN;NaN;NaN;NaN;NaN;NaN;NaN;NaN;NaN;NaN;NaN;NaN;NaN;NaN;NaN;NaN;NaN;NaN;NaN;NaN;NaN;NaN;NaN;NaN;NaN;NaN;NaN;NaN;NaN;NaN;NaN;NaN;NaN;NaN;NaN;NaN;NaN;NaN;NaN;NaN;NaN;NaN;NaN;NaN;NaN;NaN;NaN;NaN;NaN;NaN;NaN;NaN;NaN;NaN;NaN;NaN;NaN;NaN;NaN;NaN;NaN;NaN;NaN;NaN;NaN;NaN;NaN;NaN;NaN;NaN;NaN;NaN;NaN;NaN;NaN;NaN;NaN;NaN;NaN;NaN;NaN;NaN;NaN;NaN;NaN;NaN;NaN;NaN;NaN;NaN;NaN;NaN;NaN;NaN;NaN;NaN;NaN;NaN;NaN;NaN;NaN;NaN;NaN;NaN
Patient;Undergoing triage;17.92771;0;0;0;0;0;0;0;0;0;0;0;0;9.474686;-41.93;1.016656;-85.652;-41.70971;1.016656;-85.53762;-41.52674;1.016656;-85.44262;-41.29051;1.016656;-85.31997;-41.04876;1.016656;-85.19445;-40.829;1.016656;-85.08035;-40.59361;1.016656;-84.95812;-40.35786;1.016656;-84.83572;-40.1444;1.016656;-84.72488;-39.9281;1.016656;-84.61257;-39.69479;1.016656;-84.49143;-39.47941;1.016656;-84.3796;-39.19715;1.016656;-84.17331;-39.0175;1.016656;-84.08071;-38.7665;1.016656;-83.95135;-38.58017;1.016656;-83.85531;-38.36372;1.016656;-83.74374;-38.12254;1.016656;-83.61943;-37.90841;1.016656;-83.50906;-37.72724;1.016656;-83.41569;-37.46002;1.016656;-83.27796;-37.27898;1.016656;-83.18465;-37.02113;1.016656;-83.05174;-36.79599;1.016656;-82.93571;-36.59229;1.016656;-82.83072;-36.41169;1.016656;-82.73764;-36.23108;1.016656;-82.64455;-36.01543;1.016656;-82.53341;-35.83281;1.016656;-82.43928;-35.61874;1.016656;-82.32894;-35.31664;1.016656;-82.14042;-35.07318;1.016656;-82.01562;-34.85889;1.016656;-81.90577;-34.65423;1.016656;-81.80086;-34.4028;1.016656;-81.67197;-34.15523;1.016656;-81.54506;-33.89642;1.016656;-81.41238;-33.71421;1.016656;-81.31898;-33.51366;1.016656;-81.21617;-33.33233;1.016656;-81.12322;-33.05182;1.016656;-80.97942;-32.76805;1.016656;-80.83395;-32.57129;1.016656;-80.73309;-32.38197;1.016656;-80.63604;-32.16393;1.016656;-80.52427;-31.9672;1.016656;-80.42342;-31.59415;1.016656;-80.26731;-31.3467;1.016656;-80.13938;-31.09341;1.016656;-80.00844;-30.83965;1.016656;-79.87725;-30.58337;1.016656;-79.74476;-30.40015;1.016656;-79.65003;-30.18918;1.016656;-79.54096;-29.97927;1.016656;-79.43244;-29.74056;1.016656;-79.30904;-29.55896;1.016656;-79.21516;-29.36118;1.016656;-79.1129;-29.11499;1.016656;-78.98562;-28.90234;1.016656;-78.87569;-28.65422;1.016656;-78.74741;-28.40268;1.016656;-78.61737;-28.20645;1.016656;-78.51592;-28.00619;1.016656;-78.41718;-27.78519;1.016656;-78.30269;-27.58379;1.016656;-78.19836;-27.38102;1.016656;-78.09332;-27.1626;1.016656;-77.98016;-26.98069;1.016656;-77.88593;-26.7447;1.016656;-77.76367;-26.54401;1.016656;-77.6597;-26.33601;1.016656;-77.55195;-26.02628;1.016656;-77.39149
Physician;monitoring patients;14.89214;2;0;0;7;1;0;0;1;0;0;0;0;9.474339;-27.32;1.016656;-71.22;-27.19252;1.016656;-72.64693;-27.19769;1.016656;-72.58909;-27.21544;1.016656;-72.39035;-27.11181;1.016656;-73.50211;-27.07726;1.016656;-73.44254;-27.06388;1.016656;-73.32854;-27.05068;1.016656;-73.21149;-27.03135;1.016656;-73.11776;-27.00619;1.016656;-73.03077;-26.97831;1.016656;-72.9502;-26.96141;1.016656;-72.89053;-26.90721;1.016656;-72.80065;-26.89918;1.016656;-72.75404;-26.87911;1.016656;-72.6804;-26.85862;1.016656;-72.63866;-26.83924;1.016656;-72.5722;-26.81642;1.016656;-72.50814;-26.79364;1.016656;-72.42775;-26.76977;1.016656;-72.36012;-26.73576;1.016656;-72.25;-26.75719;1.016656;-72.08131;-26.81061;1.016656;-71.79618;-26.85731;1.016656;-71.54724;-26.89957;1.016656;-71.32201;-26.93703;1.016656;-71.12231;-26.9745;1.016656;-70.92261;-27.01924;1.016656;-70.68417;-27.05712;1.016656;-70.48225;-27.10153;1.016656;-70.24554;-27.1845;1.016656;-70.17432;-27.14735;1.016656;-70.29593;-27.17649;1.016656;-70.38683;-27.2569;1.016656;-70.44062;-27.27184;1.016656;-70.54339;-27.16733;1.016656;-70.77228;-27.06587;1.016656;-70.74014;-26.89274;1.016656;-70.79322;-25.94153;1.016656;-70.6684;-25.48013;1.016656;-70.3856;-25.44582;1.016656;-70.23233;-25.3725;1.016656;-70.08784;-25.38356;1.016656;-70.02686;-25.39935;1.016656;-69.93979;-25.43287;1.016656;-69.75497;-25.4873;1.016656;-69.45479;-25.63817;1.016656;-69.12743;-25.8453;1.016656;-68.94116;-26.05773;1.016656;-68.75097;-26.27044;1.016656;-68.56094;-26.48519;1.016656;-68.36923;-26.63856;1.016656;-68.23277;-26.81506;1.016656;-68.07554;-26.99055;1.016656;-67.91895;-27.09665;1.016656;-67.76204;-27.11667;1.016656;-67.6131;-27.1686;1.016656;-67.45901;-27.23057;1.016656;-67.37892;-27.15255;1.016656;-67.36292;-26.8841;1.016656;-67.30785;-26.65401;1.016656;-67.27872;-26.49832;1.016656;-67.23637;-26.36356;1.016656;-67.23927;-26.2272;1.016656;-67.29483;-26.14873;1.016656;-67.38119;-26.11243;1.016656;-67.4995;-26.09491;1.016656;-67.68088;-26.1407;1.016656;-67.80704;-26.25259;1.016656;-67.91751;-26.37902;1.016656;-67.98294;-26.56326;1.016656;-67.9586;-26.86773;1.016656;-67.79417
Physician;monitoring patients;8.910562;2;0;0;1;2;0;0;0;0;0;0;0;8.458069;-27.25837;1.016656;-71.90989;-27.26507;1.016656;-71.83486;-27.27495;1.016656;-71.72427;-27.28446;1.016656;-71.61777;-27.29213;1.016656;-71.53202;-27.29898;1.016656;-71.45528;-27.30535;1.016656;-71.38399;-27.31026;1.016656;-71.32903;-27.323;1.016656;-71.25584;-27.33401;1.016656;-71.21465;-27.33602;1.016656;-71.14724;-27.34812;1.016656;-71.11588;-27.36901;1.016656;-71.06286;-27.3902;1.016656;-71.01523;-27.41778;1.016656;-70.95502;-27.44238;1.016656;-70.90923;-27.40461;1.016656;-70.79762;-27.50036;1.016656;-70.6656;-27.67762;1.016656;-70.45287;-27.84229;1.016656;-70.28761;-28.0115;1.016656;-70.1737;-28.16249;1.016656;-70.09518;-28.3208;1.016656;-70.06055;-28.49692;1.016656;-70.07305;-28.61908;1.016656;-70.13873;-28.70098;1.016656;-70.27747;-28.70085;1.016656;-70.46571;-28.59416;1.016656;-70.64808;-28.52036;1.016656;-70.82671;-28.39289;1.016656;-70.93499;-28.19591;1.016656;-70.98769;-28.08831;1.016656;-71.0901;-28.95299;1.016656;-71.09503;-28.85502;1.016656;-71.01579;-28.69833;1.016656;-71.02397;-28.5002;1.016656;-71.05173;-28.22259;1.016656;-71.09131;-27.97785;1.016656;-71.12621;-27.82955;1.016656;-71.14735;-27.70384;1.016656;-71.16527;-27.57898;1.016656;-71.18307;-27.48599;1.016656;-71.19633;-27.38092;1.016656;-71.21131;-27.32861;1.016656;-71.21877;-27.32;1.016656;-71.22;-27.32;1.016656;-71.22;-27.32;1.016656;-71.22;-27.32;1.016656;-71.22;-27.41463;1.016656;-71.07842;-27.53941;1.016656;-70.89178;-27.65925;1.016656;-70.69383;-27.75473;1.016656;-70.5644;-27.8436;1.016656;-70.43248;-27.94067;1.016656;-70.28727;-28.01343;1.016656;-70.1783;-28.08412;1.016656;-70.07242;-28.14153;1.016656;-69.98636;-28.18274;1.016656;-69.96922;-28.2089;1.016656;-69.97578;-28.30144;1.016656;-69.91949;-28.40678;1.016656;-69.89039;-28.45619;1.016656;-69.90357;-28.48352;1.016656;-69.90504;-28.45836;1.016656;-69.92303;-28.48004;1.016656;-69.94785;-28.56261;1.016656;-70.08942;-28.55494;1.016656;-70.29621;-28.637;1.016656;-70.41102;NaN;NaN;NaN;NaN;NaN;NaN;NaN;NaN;NaN;NaN;NaN;NaN
Physician;monitoring patients;6.736375;0;0;0;4;0;0;0;0;0;0;0;0;7.472435;-27.41241;1.016656;-69.73489;-27.34371;1.016656;-69.64864;-27.23968;1.016656;-69.5598;-27.14363;1.016656;-69.5314;-27.03713;1.016656;-69.49973;-26.98746;1.016656;-69.47001;-26.94181;1.016656;-69.42975;-26.89991;1.016656;-69.40764;-26.8409;1.016656;-69.30799;-26.83455;1.016656;-69.21755;-26.79591;1.016656;-69.12263;-26.78068;1.016656;-69.09247;-26.74403;1.016656;-69.113;-26.70658;1.016656;-69.1363;-26.69115;1.016656;-69.16553;-26.74397;1.016656;-69.10867;-26.74552;1.016656;-68.91369;-26.59677;1.016656;-68.7281;-26.56519;1.016656;-68.76507;-26.63135;1.016656;-69.00436;-26.70282;1.016656;-69.23431;-26.77108;1.016656;-69.45393;-26.85494;1.016656;-69.72373;-26.9351;1.016656;-69.98164;-26.92451;1.016656;-69.94757;-26.93146;1.016656;-69.95655;-26.95566;1.016656;-69.9509;-26.99554;1.016656;-69.9827;-27.03092;1.016656;-70.02404;-26.85918;1.016656;-69.98348;-26.73839;1.016656;-69.97882;-26.64689;1.016656;-69.96556;-26.56523;1.016656;-69.94646;-26.52691;1.016656;-69.91644;-26.97202;1.016656;-69.78596;-27.25253;1.016656;-69.64684;-27.40478;1.016656;-69.62254;-27.52067;1.016656;-69.63311;-27.56219;1.016656;-69.63947;-27.58214;1.016656;-69.6424;-27.61991;1.016656;-69.49918;-27.62541;1.016656;-69.35123;-27.50914;1.016656;-69.2179;-27.38822;1.016656;-69.11247;-27.21381;1.016656;-69.0135;-27.09102;1.016656;-68.9434;-27.02312;1.016656;-68.92619;-26.93227;1.016656;-68.96397;-26.85822;1.016656;-68.9536;-26.87178;1.016656;-68.99215;-26.93131;1.016656;-69.02398;-26.95242;1.016656;-69.07393;-27.00117;1.016656;-69.11751;-27.04519;1.016656;-69.15863;-27.02065;1.016656;-69.21244;-27.00816;1.016656;-69.2534;-27.00647;1.016656;-69.32864;-27.10877;1.016656;-69.42231;-27.17881;1.016656;-69.47998;-27.25744;1.016656;-69.53582;NaN;NaN;NaN;NaN;NaN;NaN;NaN;NaN;NaN;NaN;NaN;NaN;NaN;NaN;NaN;NaN;NaN;NaN;NaN;NaN;NaN;NaN;NaN;NaN;NaN;NaN;NaN;NaN;NaN;NaN;NaN;NaN;NaN;NaN;NaN;NaN
Physician;monitoring patients;10.24807;0;0;0;0;0;0;0;0;0;0;0;0;6.481928;-28.17632;1.016656;-72.07276;-28.37686;1.016656;-72.07573;-28.43496;1.016656;-72.03335;-28.48379;1.016656;-71.99394;-28.52649;1.016656;-71.95576;-28.56304;1.016656;-71.91982;-28.59787;1.016656;-71.88123;-28.63746;1.016656;-71.83306;-28.64979;1.016656;-71.79526;-29.10003;1.016656;-71.84332;-29.17152;1.016656;-71.99389;-29.2647;1.016656;-72.09985;-29.38594;1.016656;-72.17156;-29.45042;1.016656;-72.13513;-29.45563;1.016656;-71.99738;-29.49803;1.016656;-71.83814;-30.18624;1.016656;-72.10958;-30.16035;1.016656;-71.96383;-30.12891;1.016656;-71.81384;-30.0791;1.016656;-71.65625;-29.9948;1.016656;-71.39759;-29.89005;1.016656;-71.12196;-29.80334;1.016656;-70.92678;-29.70844;1.016656;-70.73852;-29.59656;1.016656;-70.52243;-29.49853;1.016656;-70.32771;-29.36272;1.016656;-70.06387;-29.28115;1.016656;-69.92567;-29.28862;1.016656;-69.77765;-29.28759;1.016656;-69.63024;-29.24039;1.016656;-69.48942;-29.19801;1.016656;-69.38997;-29.19407;1.016656;-69.26741;-29.18588;1.016656;-69.11147;-29.0604;1.016656;-68.91587;-28.94341;1.016656;-68.74823;-28.81598;1.016656;-68.56564;-28.65737;1.016656;-68.33839;-28.52036;1.016656;-68.14209;-28.36157;1.016656;-67.91341;-28.20096;1.016656;-67.68182;-28.07488;1.016656;-67.50106;-27.95941;1.016656;-67.33525;-27.81763;1.016656;-67.13211;-27.6877;1.016656;-66.94749;-27.53893;1.016656;-66.77612;-27.32407;1.016656;-66.6571;-27.14341;1.016656;-66.56048;-26.90904;1.016656;-66.43513;-26.70972;1.016656;-66.32854;-26.50315;1.016656;-66.21806;-26.18923;1.016656;-65.98808;NaN;NaN;NaN;NaN;NaN;NaN;NaN;NaN;NaN;NaN;NaN;NaN;NaN;NaN;NaN;NaN;NaN;NaN;NaN;NaN;NaN;NaN;NaN;NaN;NaN;NaN;NaN;NaN;NaN;NaN;NaN;NaN;NaN;NaN;NaN;NaN;NaN;NaN;NaN;NaN;NaN;NaN;NaN;NaN;NaN;NaN;NaN;NaN;NaN;NaN;NaN;NaN;NaN;NaN;NaN;NaN;NaN;NaN;NaN;NaN
Physician;monitoring patients;5.893346;0;0;0;0;0;0;0;0;0;0;0;0;5.451675;-27.50097;1.016656;-71.88535;-27.43455;1.016656;-71.8335;-27.36195;1.016656;-71.74442;-27.21683;1.016656;-71.75381;-27.02978;1.016656;-71.77133;-26.7981;1.016656;-71.76487;-26.63523;1.016656;-71.7651;-25.92297;1.016656;-72.09029;-25.83672;1.016656;-72.04487;-25.67642;1.016656;-71.96564;-25.48046;1.016656;-71.97109;-25.1908;1.016656;-72.03202;-25.0281;1.016656;-71.98698;-25.02642;1.016656;-71.99625;-25.02224;1.016656;-72.01927;-25.0246;1.016656;-72.00627;-25.04949;1.016656;-71.86902;-25.08103;1.016656;-71.69511;-25.11144;1.016656;-71.57536;-25.17916;1.016656;-71.4597;-25.25856;1.016656;-71.34215;-25.34358;1.016656;-71.21503;-25.40393;1.016656;-71.12517;-25.46585;1.016656;-71.04533;-25.51478;1.016656;-70.97724;-25.55199;1.016656;-70.91457;-25.57466;1.016656;-70.87496;-25.59709;1.016656;-70.84796;-25.62303;1.016656;-70.81838;-25.64467;1.016656;-70.79082;-25.6703;1.016656;-70.76661;-25.60194;1.016656;-70.7515;-25.71967;1.016656;-70.78021;-25.90562;1.016656;-70.83088;-26.13198;1.016656;-70.89315;-26.32144;1.016656;-70.94527;-26.49643;1.016656;-70.99342;-26.66558;1.016656;-71.03996;-26.79297;1.016656;-71.075;-26.93983;1.016656;-71.11541;-27.0466;1.016656;-71.14478;-27.14031;1.016656;-71.17056;-27.24695;1.016656;-71.1999;NaN;NaN;NaN;NaN;NaN;NaN;NaN;NaN;NaN;NaN;NaN;NaN;NaN;NaN;NaN;NaN;NaN;NaN;NaN;NaN;NaN;NaN;NaN;NaN;NaN;NaN;NaN;NaN;NaN;NaN;NaN;NaN;NaN;NaN;NaN;NaN;NaN;NaN;NaN;NaN;NaN;NaN;NaN;NaN;NaN;NaN;NaN;NaN;NaN;NaN;NaN;NaN;NaN;NaN;NaN;NaN;NaN;NaN;NaN;NaN;NaN;NaN;NaN;NaN;NaN;NaN;NaN;NaN;NaN;NaN;NaN;NaN;NaN;NaN;NaN;NaN;NaN;NaN;NaN;NaN;NaN;NaN;NaN;NaN;NaN;NaN;NaN
Physician;monitoring patients;5.122371;0;0;0;2;0;0;0;0;0;0;0;0;4.479404;-27.39922;1.016656;-71.47488;-27.33559;1.016656;-71.5011;-27.19891;1.016656;-71.532;-27.01295;1.016656;-71.58587;-26.7485;1.016656;-71.71072;-26.56077;1.016656;-71.86627;-26.43982;1.016656;-71.93791;-26.38517;1.016656;-72.06967;-26.35355;1.016656;-72.21072;-26.34813;1.016656;-72.3204;-26.38289;1.016656;-72.46119;-26.44385;1.016656;-72.55155;-26.49476;1.016656;-72.5904;-26.4997;1.016656;-72.59306;-26.49982;1.016656;-72.59285;-26.49971;1.016656;-72.59303;-26.52587;1.016656;-72.40791;-26.65053;1.016656;-72.22137;-26.77921;1.016656;-72.0289;-26.86846;1.016656;-71.8954;-26.95705;1.016656;-71.76289;-27.05407;1.016656;-71.61777;-27.1269;1.016656;-71.50883;-27.19755;1.016656;-71.40315;-27.25528;1.016656;-71.3168;-27.29208;1.016656;-71.29731;-27.42266;1.016656;-71.33645;-27.65991;1.016656;-71.36499;-27.85673;1.016656;-71.39124;-28.033;1.016656;-71.43633;-28.20249;1.016656;-71.48168;-28.3297;1.016656;-71.51673;-28.47619;1.016656;-71.55711;-28.53949;1.016656;-71.68197;-28.55172;1.016656;-71.90631;-28.56239;1.016656;-72.10703;NaN;NaN;NaN;NaN;NaN;NaN;NaN;NaN;NaN;NaN;NaN;NaN;NaN;NaN;NaN;NaN;NaN;NaN;NaN;NaN;NaN;NaN;NaN;NaN;NaN;NaN;NaN;NaN;NaN;NaN;NaN;NaN;NaN;NaN;NaN;NaN;NaN;NaN;NaN;NaN;NaN;NaN;NaN;NaN;NaN;NaN;NaN;NaN;NaN;NaN;NaN;NaN;NaN;NaN;NaN;NaN;NaN;NaN;NaN;NaN;NaN;NaN;NaN;NaN;NaN;NaN;NaN;NaN;NaN;NaN;NaN;NaN;NaN;NaN;NaN;NaN;NaN;NaN;NaN;NaN;NaN;NaN;NaN;NaN;NaN;NaN;NaN;NaN;NaN;NaN;NaN;NaN;NaN;NaN;NaN;NaN;NaN;NaN;NaN;NaN;NaN;NaN;NaN;NaN;NaN;NaN;NaN;NaN
Resident physician;Patient round;19.59986;2;0;0;1;0;0;0;1;0;0;0;0;9.474016;-27.32;1.016656;-71.22;-27.45289;1.016656;-69.37685;-27.44262;1.016656;-69.16956;-27.46695;1.016656;-68.90456;-27.49287;1.016656;-68.63337;-27.51702;1.016656;-68.38688;-27.54406;1.016656;-68.12284;-27.57277;1.016656;-67.85856;-27.60099;1.016656;-67.61943;-27.63321;1.016656;-67.3774;-27.69234;1.016656;-67.11876;-27.71849;1.016656;-66.8784;-27.57056;1.016656;-66.57933;-27.41502;1.016656;-66.47598;-27.16293;1.016656;-66.34875;-26.97578;1.016656;-66.25432;-26.75838;1.016656;-66.14462;-26.51614;1.016656;-66.02237;-26.30107;1.016656;-65.91384;-26.11911;1.016656;-65.82203;-25.85072;1.016656;-65.6866;-25.66889;1.016656;-65.59485;-25.4099;1.016656;-65.46416;-25.18378;1.016656;-65.35006;-24.97919;1.016656;-65.24682;-24.7978;1.016656;-65.15529;-24.6164;1.016656;-65.06375;-24.39982;1.016656;-64.95445;-24.21639;1.016656;-64.8619;-24.00138;1.016656;-64.7534;-23.68398;1.016656;-64.5202;-23.4379;1.016656;-64.40065;-23.2213;1.016656;-64.29543;-23.01444;1.016656;-64.19492;-22.7603;1.016656;-64.07146;-22.51006;1.016656;-63.9499;-22.24846;1.016656;-63.82281;-22.06428;1.016656;-63.73334;-21.86158;1.016656;-63.63486;-21.67829;1.016656;-63.54582;-21.39475;1.016656;-63.40808;-21.1076;1.016656;-63.26972;-20.90851;1.016656;-63.17381;-20.71664;1.016656;-63.08251;-20.49618;1.016656;-62.97593;-20.29742;1.016656;-62.87946;-19.96717;1.016656;-62.68684;-19.70162;1.016656;-62.60386;-19.4898;1.016656;-62.43034;-19.31665;1.016656;-62.20314;-19.14181;1.016656;-61.97365;-19.0168;1.016656;-61.80959;-18.87287;1.016656;-61.62068;-18.72966;1.016656;-61.43271;-18.56681;1.016656;-61.21896;-18.44292;1.016656;-61.05635;-18.30798;1.016656;-60.87925;-18.14002;1.016656;-60.6588;-17.99495;1.016656;-60.46839;-17.82567;1.016656;-60.24622;-17.66191;1.016656;-60.01794;-17.53391;1.016656;-59.84006;-17.31792;1.016656;-59.59422;-17.16755;1.016656;-59.39588;-17.03054;1.016656;-59.21511;-16.8926;1.016656;-59.03312;-16.74401;1.016656;-58.83708;-16.62025;1.016656;-58.67381;-16.45971;1.016656;-58.462;-16.32318;1.016656;-58.28186;-16.18545;1.016656;-58.09525;-15.97562;1.016656;-57.81807
Resident physician;Patient round;17.53545;4;0;0;2;0;0;0;2;0;0;0;0;8.45763;-27.3333;1.016656;-71.07074;-27.7007;1.016656;-70.94154;-28.62194;1.016656;-70.82321;-28.7113;1.016656;-70.58168;-28.78065;1.016656;-70.3532;-28.83831;1.016656;-70.12188;-28.90046;1.016656;-69.8845;-28.95451;1.016656;-69.66532;-28.99794;1.016656;-69.42428;-29.01466;1.016656;-69.22457;-29.04141;1.016656;-68.94356;-29.06187;1.016656;-68.73493;-29.08401;1.016656;-68.49265;-29.1096;1.016656;-68.22272;-29.13199;1.016656;-67.98316;-29.152;1.016656;-67.78059;-29.1779;1.016656;-67.41659;-29.24678;1.016656;-67.24511;-29.40493;1.016656;-67.0459;-29.54242;1.016656;-66.86456;-29.66279;1.016656;-66.68687;-29.75993;1.016656;-66.5117;-29.85331;1.016656;-66.33124;-29.96479;1.016656;-66.11577;-30.05921;1.016656;-65.9333;-30.16988;1.016656;-65.7194;-30.31765;1.016656;-65.43379;-30.44338;1.016656;-65.1908;-30.55404;1.016656;-64.97694;-30.65973;1.016656;-64.77267;-30.78957;1.016656;-64.52174;-30.91742;1.016656;-64.27465;-31.04484;1.016656;-63.96945;-31.14013;1.016656;-63.78851;-31.2455;1.016656;-63.58961;-31.34192;1.016656;-63.41026;-31.49208;1.016656;-63.13326;-31.64461;1.016656;-62.85337;-31.7506;1.016656;-62.65951;-31.8584;1.016656;-62.47615;-31.99294;1.016656;-62.27137;-32.11435;1.016656;-62.08662;-32.2971;1.016656;-61.80854;-32.45008;1.016656;-61.57573;-32.60667;1.016656;-61.33745;-32.76355;1.016656;-61.09872;-32.92199;1.016656;-60.85762;-33.03527;1.016656;-60.68525;-33.1657;1.016656;-60.48677;-33.2621;1.016656;-60.24293;-33.41054;1.016656;-60.01893;-33.52347;1.016656;-59.84852;-33.64646;1.016656;-59.66292;-33.79955;1.016656;-59.4319;-33.93179;1.016656;-59.23236;-34.08608;1.016656;-58.99952;-34.2425;1.016656;-58.76347;-34.36452;1.016656;-58.57934;-34.47667;1.016656;-58.41011;-34.61415;1.016656;-58.20263;-34.73945;1.016656;-58.01355;-34.8656;1.016656;-57.82319;-35.00148;1.016656;-57.61814;-35.11465;1.016656;-57.44736;-35.26146;1.016656;-57.22581;-35.38632;1.016656;-57.0374;-35.51572;1.016656;-56.84213;-35.67101;1.016656;-56.47746;NaN;NaN;NaN;NaN;NaN;NaN;NaN;NaN;NaN;NaN;NaN;NaN
Visitor;Supporting family member;17.47804;0;0;0;0;0;0;0;0;0;0;0;0;9.473589;-8.066668;1.016656;-3.5;-8.226808;1.016656;-3.68964;-8.359824;1.016656;-3.847159;-8.531552;1.016656;-4.050523;-8.707297;1.016656;-4.258642;-8.867055;1.016656;-4.447828;-9.038175;1.016656;-4.650471;-9.209551;1.016656;-4.853417;-9.364735;1.016656;-5.037187;-9.521975;1.016656;-5.223391;-9.691583;1.016656;-5.424242;-9.848156;1.016656;-5.609657;-9.919806;1.016656;-5.770666;-10.05275;1.016656;-5.922897;-10.23848;1.016656;-6.135584;-10.37637;1.016656;-6.293478;-10.53655;1.016656;-6.476894;-10.71503;1.016656;-6.681269;-10.87446;1.016656;-6.861604;-11.0097;1.016656;-7.013753;-11.20837;1.016656;-7.238992;-11.3422;1.016656;-7.392378;-11.53228;1.016656;-7.611357;-11.69838;1.016656;-7.802283;-11.84698;1.016656;-7.976737;-11.97919;1.016656;-8.130819;-12.06589;1.016656;-8.312805;-12.15614;1.016656;-8.537993;-12.23257;1.016656;-8.728701;-12.32216;1.016656;-8.952251;-12.43215;1.016656;-9.228848;-12.53394;1.016656;-9.482789;-12.62355;1.016656;-9.706304;-12.70912;1.016656;-9.919775;-12.81425;1.016656;-10.18202;-12.91777;1.016656;-10.44025;-13.02599;1.016656;-10.71021;-13.10218;1.016656;-10.90026;-13.18603;1.016656;-11.10944;-13.26185;1.016656;-11.29858;-13.37915;1.016656;-11.59117;-13.4978;1.016656;-11.88716;-13.58008;1.016656;-12.09239;-13.65924;1.016656;-12.28986;-13.75041;1.016656;-12.51729;-13.83267;1.016656;-12.72249;-13.92514;1.016656;-13.00246;-14.0302;1.016656;-13.26046;-14.13772;1.016656;-13.52454;-14.24545;1.016656;-13.78911;-14.35426;1.016656;-14.05631;-14.43204;1.016656;-14.24734;-14.52161;1.016656;-14.4673;-14.61072;1.016656;-14.68616;-14.71207;1.016656;-14.93504;-14.78916;1.016656;-15.12437;-14.87313;1.016656;-15.33059;-14.97765;1.016656;-15.58726;-15.06792;1.016656;-15.80897;-15.17489;1.016656;-16.06673;-15.27832;1.016656;-16.33013;-15.32784;1.016656;-16.54541;-15.31377;1.016656;-16.66288;-15.36993;1.016656;-16.90536;-15.42111;1.016656;-17.12633;-15.47263;1.016656;-17.3488;-15.52813;1.016656;-17.58845;-15.57436;1.016656;-17.78804;-15.63433;1.016656;-18.04697;-15.68533;1.016656;-18.26717;-15.73818;1.016656;-18.49538;-15.81688;1.016656;-18.83521
Visitor;Supporting family member;12.37368;0;0;0;0;0;0;0;0;0;0;0;0;6.481499;-8.066668;1.016656;-3.5;-8.113659;1.016656;-3.555648;-8.272757;1.016656;-3.744053;-8.436165;1.016656;-3.937563;-8.584017;1.016656;-4.112651;-8.715102;1.016656;-4.267884;-8.846196;1.016656;-4.423127;-9.002716;1.016656;-4.608479;-9.13527;1.016656;-4.765451;-9.290651;1.016656;-4.949455;-9.498119;1.016656;-5.195141;-9.674631;1.016656;-5.404169;-9.829994;1.016656;-5.588151;-9.978375;1.016656;-5.763866;-10.16066;1.016656;-5.979733;-10.34015;1.016656;-6.192288;-10.4645;1.016656;-6.314845;-10.59549;1.016656;-6.472216;-10.73882;1.016656;-6.642215;-10.87041;1.016656;-6.797474;-11.07155;1.016656;-7.040183;-11.27654;1.016656;-7.284061;-11.41872;1.016656;-7.453036;-11.55366;1.016656;-7.617513;-11.70963;1.016656;-7.80628;-11.85069;1.016656;-7.976141;-12.0161;1.016656;-8.262051;-12.12056;1.016656;-8.520292;-12.22748;1.016656;-8.784618;-12.33459;1.016656;-9.049434;-12.44278;1.016656;-9.316887;-12.52012;1.016656;-9.508101;-12.60918;1.016656;-9.728265;-12.68621;1.016656;-9.904722;-12.78678;1.016656;-10.15392;-12.86329;1.016656;-10.34348;-12.94662;1.016656;-10.54996;-13.05034;1.016656;-10.80696;-13.13993;1.016656;-11.02894;-13.24447;1.016656;-11.28796;-13.35045;1.016656;-11.55055;-13.43312;1.016656;-11.75539;-13.5091;1.016656;-11.94366;-13.60225;1.016656;-12.17447;-13.68714;1.016656;-12.3848;-13.77261;1.016656;-12.59657;-13.86467;1.016656;-12.82468;-13.94134;1.016656;-13.01466;-14.04081;1.016656;-13.26112;-14.12541;1.016656;-13.47073;-14.21308;1.016656;-13.68795;-14.29306;1.016656;-14.00544;NaN;NaN;NaN;NaN;NaN;NaN;NaN;NaN;NaN;NaN;NaN;NaN;NaN;NaN;NaN;NaN;NaN;NaN;NaN;NaN;NaN;NaN;NaN;NaN;NaN;NaN;NaN;NaN;NaN;NaN;NaN;NaN;NaN;NaN;NaN;NaN;NaN;NaN;NaN;NaN;NaN;NaN;NaN;NaN;NaN;NaN;NaN;NaN;NaN;NaN;NaN;NaN;NaN;NaN;NaN;NaN;NaN;NaN;NaN;NaN
Visitor;Supporting family member;6.444425;0;0;0;0;0;0;0;0;0;0;0;0;3.459963;-8.066668;1.016656;-3.5;-8.082432;1.016656;-3.518668;-8.223953;1.016656;-3.686259;-8.403681;1.016656;-3.899094;-8.587643;1.016656;-4.116943;-8.771945;1.016656;-4.335196;-8.958082;1.016656;-4.555622;-9.091161;1.016656;-4.713214;-9.244388;1.016656;-4.894666;-9.396848;1.016656;-5.075211;-9.570223;1.016656;-5.280524;-9.702115;1.016656;-5.436712;-9.845769;1.016656;-5.606829;-10.02457;1.016656;-5.818572;-10.17902;1.016656;-6.001465;-10.35923;1.016656;-6.214873;-10.54193;1.016656;-6.431226;-10.68444;1.016656;-6.599995;-10.74124;1.016656;-6.748258;-10.9083;1.016656;-6.932552;-11.0613;1.016656;-7.099614;-11.21421;1.016656;-7.269065;-11.37897;1.016656;-7.451464;-11.5156;1.016656;-7.603989;-11.69277;1.016656;-7.80188;-11.84299;1.016656;-7.970586;-11.99294;1.016656;-8.150497;-12.12571;1.016656;-8.472631;NaN;NaN;NaN;NaN;NaN;NaN;NaN;NaN;NaN;NaN;NaN;NaN;NaN;NaN;NaN;NaN;NaN;NaN;NaN;NaN;NaN;NaN;NaN;NaN;NaN;NaN;NaN;NaN;NaN;NaN;NaN;NaN;NaN;NaN;NaN;NaN;NaN;NaN;NaN;NaN;NaN;NaN;NaN;NaN;NaN;NaN;NaN;NaN;NaN;NaN;NaN;NaN;NaN;NaN;NaN;NaN;NaN;NaN;NaN;NaN;NaN;NaN;NaN;NaN;NaN;NaN;NaN;NaN;NaN;NaN;NaN;NaN;NaN;NaN;NaN;NaN;NaN;NaN;NaN;NaN;NaN;NaN;NaN;NaN;NaN;NaN;NaN;NaN;NaN;NaN;NaN;NaN;NaN;NaN;NaN;NaN;NaN;NaN;NaN;NaN;NaN;NaN;NaN;NaN;NaN;NaN;NaN;NaN;NaN;NaN;NaN;NaN;NaN;NaN;NaN;NaN;NaN;NaN;NaN;NaN;NaN;NaN;NaN;NaN;NaN;NaN;NaN;NaN;NaN;NaN;NaN;NaN
Visitor;Supporting family member;0.499378;0;0;0;0;0;0;0;0;0;0;0;0;0.4704361;-8.066668;1.016656;-3.5;-8.083139;1.016656;-3.519506;-8.168904;1.016656;-3.62107;-8.388856;1.016656;-3.88154;NaN;NaN;NaN;NaN;NaN;NaN;NaN;NaN;NaN;NaN;NaN;NaN;NaN;NaN;NaN;NaN;NaN;NaN;NaN;NaN;NaN;NaN;NaN;NaN;NaN;NaN;NaN;NaN;NaN;NaN;NaN;NaN;NaN;NaN;NaN;NaN;NaN;NaN;NaN;NaN;NaN;NaN;NaN;NaN;NaN;NaN;NaN;NaN;NaN;NaN;NaN;NaN;NaN;NaN;NaN;NaN;NaN;NaN;NaN;NaN;NaN;NaN;NaN;NaN;NaN;NaN;NaN;NaN;NaN;NaN;NaN;NaN;NaN;NaN;NaN;NaN;NaN;NaN;NaN;NaN;NaN;NaN;NaN;NaN;NaN;NaN;NaN;NaN;NaN;NaN;NaN;NaN;NaN;NaN;NaN;NaN;NaN;NaN;NaN;NaN;NaN;NaN;NaN;NaN;NaN;NaN;NaN;NaN;NaN;NaN;NaN;NaN;NaN;NaN;NaN;NaN;NaN;NaN;NaN;NaN;NaN;NaN;NaN;NaN;NaN;NaN;NaN;NaN;NaN;NaN;NaN;NaN;NaN;NaN;NaN;NaN;NaN;NaN;NaN;NaN;NaN;NaN;NaN;NaN;NaN;NaN;NaN;NaN;NaN;NaN;NaN;NaN;NaN;NaN;NaN;NaN;NaN;NaN;NaN;NaN;NaN;NaN;NaN;NaN;NaN;NaN;NaN;NaN;NaN;NaN;NaN;NaN;NaN;NaN;NaN;NaN;NaN;NaN;NaN;NaN;NaN;NaN;NaN;NaN;NaN;NaN;NaN;NaN;NaN;NaN;NaN;NaN;NaN;NaN;NaN;NaN;NaN;NaN;NaN;NaN;NaN;NaN;NaN;NaN
Shift nurse;Writing report;13.21979;0;0;0;0;0;0;0;0;0;0;0;0;9.473263;-26.28;1.016656;-25.39;-26.28;1.016656;-25.39;-26.28;1.016656;-25.39;-26.18496;1.016656;-25.32676;-25.97683;1.016656;-25.18826;-25.77068;1.016656;-25.05108;-25.54987;1.016656;-24.90415;-25.32873;1.016656;-24.75699;-25.12848;1.016656;-24.62374;-24.92558;1.016656;-24.48873;-24.70673;1.016656;-24.3431;-24.50469;1.016656;-24.20865;-24.23997;1.016656;-24.03777;-24.07189;1.016656;-23.92553;-23.83706;1.016656;-23.76872;-23.66272;1.016656;-23.65231;-23.46021;1.016656;-23.51708;-23.23456;1.016656;-23.36641;-23.03949;1.016656;-23.23615;-22.88622;1.016656;-23.1338;-22.68088;1.016656;-22.99669;-22.55591;1.016656;-22.91324;-22.39808;1.016656;-22.80785;-22.27998;1.016656;-22.72899;-22.18773;1.016656;-22.66739;-22.11876;1.016656;-22.62133;-22.06176;1.016656;-22.58327;-22.01059;1.016656;-22.5491;-21.98076;1.016656;-22.52918;-21.94247;1.016656;-22.42609;-21.95876;1.016656;-22.48283;-21.9675;1.016656;-22.51328;-21.97;1.016656;-22.522;-21.97;1.016656;-22.522;-21.98138;1.016656;-22.52957;-22.1007;1.016656;-22.60897;-22.33562;1.016656;-22.76529;-22.50609;1.016656;-22.87873;-22.6937;1.016656;-23.00357;-22.86335;1.016656;-23.11646;-23.12578;1.016656;-23.29109;-23.39126;1.016656;-23.46775;-23.57534;1.016656;-23.59024;-23.75245;1.016656;-23.7081;-23.95644;1.016656;-23.84383;-24.14049;1.016656;-23.9663;-24.35593;1.016656;-24.05772;-24.58496;1.016656;-24.2163;-24.81938;1.016656;-24.37862;-25.05423;1.016656;-24.54124;-25.27761;1.016656;-24.69591;-25.42402;1.016656;-24.79729;-24.96478;1.016656;-24.4793;-25.00815;1.016656;-24.46133;-25.08558;1.016656;-24.48445;-25.1918;1.016656;-24.55301;-25.33585;1.016656;-24.64561;-25.49859;1.016656;-24.73829;-25.6247;1.016656;-24.80685;-25.75187;1.016656;-24.8863;-25.86469;1.016656;-24.98032;-25.93703;1.016656;-25.05119;-25.9639;1.016656;-25.08048;-26.01503;1.016656;-25.12689;-26.06523;1.016656;-25.16599;-26.1274;1.016656;-25.21452;-26.15821;1.016656;-25.23367;-26.18265;1.016656;-25.25613;-25.35397;1.016656;-24.10001;-25.35981;1.016656;-24.07197;-25.40236;1.016656;-24.07278;-25.52399;1.016656;-24.20314
Head of the ED;Monitoring patients;16.35551;4;0;0;1;3;0;0;0;0;0;0;0;9.472906;-27.32;1.016656;-71.22;-27.34209;1.016656;-70.97277;-27.36043;1.016656;-70.76742;-27.38412;1.016656;-70.5023;-27.40836;1.016656;-70.23099;-27.43039;1.016656;-69.98435;-27.454;1.016656;-69.72018;-27.47763;1.016656;-69.4556;-27.49904;1.016656;-69.21603;-27.52073;1.016656;-68.97328;-27.54438;1.016656;-68.71187;-27.56645;1.016656;-68.47101;-27.57515;1.016656;-68.21822;-27.57566;1.016656;-68.09807;-27.55761;1.016656;-68.00054;-27.53581;1.016656;-67.93773;-27.50695;1.016656;-67.8715;-27.4951;1.016656;-67.80833;-27.4715;1.016656;-67.74625;-27.49925;1.016656;-67.66323;-27.55467;1.016656;-67.52289;-27.61913;1.016656;-67.35712;-27.72188;1.016656;-67.08635;-27.71219;1.016656;-66.84238;-27.6124;1.016656;-66.66718;-27.45155;1.016656;-66.56041;-27.27078;1.016656;-66.46763;-27.05495;1.016656;-66.35686;-26.87216;1.016656;-66.26305;-26.6579;1.016656;-66.15308;-26.33332;1.016656;-65.9807;-26.08983;1.016656;-65.85594;-25.87551;1.016656;-65.74615;-25.67083;1.016656;-65.64128;-25.41938;1.016656;-65.51244;-25.17178;1.016656;-65.38558;-24.91294;1.016656;-65.25297;-24.73071;1.016656;-65.1596;-24.53014;1.016656;-65.05684;-24.34879;1.016656;-64.96392;-24.06824;1.016656;-64.82018;-23.78444;1.016656;-64.67477;-23.58766;1.016656;-64.57395;-23.39832;1.016656;-64.47694;-23.18025;1.016656;-64.36522;-22.9835;1.016656;-64.26441;-22.63656;1.016656;-64.02944;-22.38663;1.016656;-63.90643;-22.1308;1.016656;-63.78051;-21.87451;1.016656;-63.65437;-21.61565;1.016656;-63.52697;-21.43059;1.016656;-63.43588;-21.21678;1.016656;-63.33316;-21.00444;1.016656;-63.22989;-20.79872;1.016656;-63.13043;-20.68107;1.016656;-63.07658;-20.568;1.016656;-63.02131;-20.35003;1.016656;-62.91679;-20.13643;1.016656;-62.80938;-19.88807;1.016656;-62.68234;-19.63924;1.016656;-62.54754;-19.51435;1.016656;-62.37852;-19.46699;1.016656;-62.09993;-19.47139;1.016656;-61.85106;-19.47551;1.016656;-61.62428;-19.47966;1.016656;-61.39596;-19.48413;1.016656;-61.15001;-19.48785;1.016656;-60.94517;-19.49268;1.016656;-60.67944;-19.49678;1.016656;-60.45345;-19.50104;1.016656;-60.21923;-19.50738;1.016656;-59.87047
Paramedic;Wheeling patient on a stretcher;15.87813;0;0;0;0;0;0;0;0;0;0;0;0;9.472578;-10.8373;1.016656;-17.64148;-11.06303;1.016656;-17.74884;-11.22483;1.016656;-17.8659;-11.4334;1.016656;-18.01735;-11.64416;1.016656;-18.17013;-11.83382;1.016656;-18.30842;-12.04112;1.016656;-18.45585;-12.24584;1.016656;-18.60354;-12.43131;1.016656;-18.73846;-12.61478;1.016656;-18.87419;-12.80208;1.016656;-19.01476;-12.96919;1.016656;-19.14296;-13.15436;1.016656;-19.20424;-13.29731;1.016656;-19.31426;-13.48989;1.016656;-19.46744;-13.61637;1.016656;-19.5741;-13.74509;1.016656;-19.68868;-13.87107;1.016656;-19.81805;-13.96945;1.016656;-19.92748;-14.04331;1.016656;-20.03029;-14.14255;1.016656;-20.18525;-14.20839;1.016656;-20.2928;-14.31119;1.016656;-20.46142;-14.40983;1.016656;-20.61801;-14.50062;1.016656;-20.76514;-14.58613;1.016656;-20.89666;-14.65552;1.016656;-21.03463;-14.72108;1.016656;-21.20561;-14.77373;1.016656;-21.3522;-14.83381;1.016656;-21.5288;-14.91059;1.016656;-21.71367;-14.98489;1.016656;-21.93166;-15.05261;1.016656;-22.13027;-15.11856;1.016656;-22.32365;-15.20129;1.016656;-22.56615;-15.28441;1.016656;-22.80974;-15.37264;1.016656;-23.06824;-15.43537;1.016656;-23.25203;-15.50503;1.016656;-23.4561;-15.56842;1.016656;-23.64179;-15.6672;1.016656;-23.93113;-15.7678;1.016656;-24.22577;-15.83787;1.016656;-24.43098;-15.9055;1.016656;-24.62904;-15.98358;1.016656;-24.85773;-16.05421;1.016656;-25.06458;-16.15445;1.016656;-25.33708;-16.2412;1.016656;-25.59169;-16.33062;1.016656;-25.85413;-16.42072;1.016656;-26.11853;-16.51214;1.016656;-26.3868;-16.57767;1.016656;-26.5791;-16.65332;1.016656;-26.80105;-16.72875;1.016656;-27.02238;-16.81472;1.016656;-27.27463;-16.88021;1.016656;-27.46678;-16.9516;1.016656;-27.67627;-17.04058;1.016656;-27.93733;-17.11749;1.016656;-28.16299;-17.20731;1.016656;-28.42653;-17.29842;1.016656;-28.69385;-17.36953;1.016656;-28.90247;-17.41002;1.016656;-29.01841;-17.49029;1.016656;-29.25401;-17.56344;1.016656;-29.46871;-17.63709;1.016656;-29.68487;-17.71642;1.016656;-29.91772;-17.78249;1.016656;-30.11164;-17.8682;1.016656;-30.36322;-17.9411;1.016656;-30.57717;-18.01664;1.016656;-30.79891;-18.12914;1.016656;-31.1291
Porter;Bringing wheelchair;17.46403;0;0;0;0;0;0;0;0;0;0;0;0;9.472248;-9.92;1.016656;-18.9;-10.12058;1.016656;-19.0462;-10.28719;1.016656;-19.16764;-10.50229;1.016656;-19.32443;-10.72241;1.016656;-19.48488;-10.92251;1.016656;-19.63074;-11.13685;1.016656;-19.78696;-11.3515;1.016656;-19.94343;-11.54587;1.016656;-20.0851;-11.74282;1.016656;-20.22866;-11.95526;1.016656;-20.38351;-12.15137;1.016656;-20.52645;-12.35265;1.016656;-20.59066;-12.51368;1.016656;-20.71281;-12.73865;1.016656;-20.88346;-12.90566;1.016656;-21.01015;-13.09967;1.016656;-21.15732;-13.31584;1.016656;-21.32131;-13.50777;1.016656;-21.4669;-13.67015;1.016656;-21.59008;-13.91028;1.016656;-21.77068;-14.07286;1.016656;-21.89318;-14.30505;1.016656;-22.06647;-14.50705;1.016656;-22.21894;-14.68995;1.016656;-22.35653;-14.85172;1.016656;-22.47904;-15.01272;1.016656;-22.60258;-15.20159;1.016656;-22.7545;-15.33196;1.016656;-22.91215;-15.41989;1.016656;-23.13512;-15.48551;1.016656;-23.38119;-15.57382;1.016656;-23.64013;-15.65154;1.016656;-23.86805;-15.72577;1.016656;-24.08573;-15.81696;1.016656;-24.35314;-15.90675;1.016656;-24.61646;-16.00062;1.016656;-24.89173;-16.06671;1.016656;-25.08553;-16.13944;1.016656;-25.29883;-16.20521;1.016656;-25.4917;-16.30695;1.016656;-25.79005;-16.40988;1.016656;-26.09187;-16.48124;1.016656;-26.30115;-16.5499;1.016656;-26.50251;-16.62899;1.016656;-26.73442;-16.70034;1.016656;-26.94366;-16.78914;1.016656;-27.18162;-16.87885;1.016656;-27.44535;-16.97067;1.016656;-27.71529;-17.06266;1.016656;-27.98574;-17.15556;1.016656;-28.25887;-17.22198;1.016656;-28.45415;-17.29846;1.016656;-28.67899;-17.37456;1.016656;-28.90271;-17.4611;1.016656;-29.15712;-17.52693;1.016656;-29.35065;-17.59863;1.016656;-29.56145;-17.68787;1.016656;-29.82383;-17.76496;1.016656;-30.05046;-17.85491;1.016656;-30.3149;-17.9461;1.016656;-30.58298;-18.01723;1.016656;-30.79211;-18.02072;1.016656;-30.94568;-18.10287;1.016656;-31.18063;-18.17775;1.016656;-31.39474;-18.25313;1.016656;-31.61029;-18.33434;1.016656;-31.84249;-18.40197;1.016656;-32.03588;-18.48971;1.016656;-32.28676;-18.56433;1.016656;-32.50011;-18.64166;1.016656;-32.72123;-18.75682;1.016656;-33.0505
Cleaning patient areas;Cleaner;15.96792;0;0;0;0;0;0;0;0;0;0;0;0;9.471924;-11.44752;1.016656;-66.6882;-11.69033;1.016656;-66.63674;-11.89202;1.016656;-66.59399;-12.15241;1.016656;-66.53881;-12.41889;1.016656;-66.48234;-12.66113;1.016656;-66.431;-12.92059;1.016656;-66.37601;-13.18045;1.016656;-66.32095;-13.41575;1.016656;-66.27107;-13.65417;1.016656;-66.22055;-13.91134;1.016656;-66.16605;-14.14807;1.016656;-66.11647;-14.35612;1.016656;-65.98521;-14.55624;1.016656;-65.9648;-14.83626;1.016656;-65.93567;-15.04377;1.016656;-65.91401;-15.2857;1.016656;-65.88626;-15.49211;1.016656;-65.79087;-15.57364;1.016656;-65.63072;-15.56987;1.016656;-65.4497;-15.51093;1.016656;-65.15573;-15.47095;1.016656;-64.95701;-15.41383;1.016656;-64.67398;-15.36369;1.016656;-64.42693;-15.31807;1.016656;-64.20345;-15.27732;1.016656;-64.00537;-15.23582;1.016656;-63.80744;-15.15314;1.016656;-63.59283;-15.02171;1.016656;-63.472;-14.80398;1.016656;-63.40293;-14.42014;1.016656;-63.25477;-14.15025;1.016656;-63.20996;-13.91269;1.016656;-63.17052;-13.68581;1.016656;-63.13285;-13.40709;1.016656;-63.08659;-13.13265;1.016656;-63.04103;-12.84923;1.016656;-62.99398;-12.66391;1.016656;-62.96321;-12.47453;1.016656;-62.93177;-12.31733;1.016656;-62.90568;-12.09938;1.016656;-62.8695;-11.91059;1.016656;-62.83815;-11.7985;1.016656;-62.81955;-11.70563;1.016656;-62.80413;-11.61632;1.016656;-62.7893;-11.55332;1.016656;-62.77884;-11.48;1.016656;-62.76667;-11.48;1.016656;-62.76667;-11.58972;1.016656;-62.76918;-11.84784;1.016656;-62.7751;-12.13627;1.016656;-62.78172;-12.34248;1.016656;-62.78645;-12.57877;1.016656;-62.79268;-12.81389;1.016656;-62.79851;-13.0826;1.016656;-62.80117;-13.28675;1.016656;-62.79258;-13.48175;1.016656;-62.70433;-13.67443;1.016656;-62.50655;-13.83467;1.016656;-62.32944;-13.989;1.016656;-62.09815;-14.1285;1.016656;-61.85173;-14.23732;1.016656;-61.6595;-14.23761;1.016656;-61.44419;-14.37214;1.016656;-61.23478;-14.4951;1.016656;-61.04419;-14.61891;1.016656;-60.8523;-14.75227;1.016656;-60.6456;-14.86338;1.016656;-60.47418;-15.00744;1.016656;-60.25157;-15.1298;1.016656;-60.06279;-15.25584;1.016656;-59.86665;-15.36207;1.016656;-59.56215
Triage nurse;Admitting patient in waiting area;15.93403;0;0;0;0;0;0;0;0;0;0;0;0;9.471598;-9.9;1.016656;-79.49;-9.9;1.016656;-79.49;-9.9;1.016656;-79.49;-9.9;1.016656;-79.49;-9.9;1.016656;-79.49;-9.9;1.016656;-79.49;-9.945849;1.016656;-79.4977;-10.13065;1.016656;-79.52873;-10.36785;1.016656;-79.56857;-10.6082;1.016656;-79.60894;-10.86745;1.016656;-79.65248;-11.10678;1.016656;-79.69267;-11.35525;1.016656;-79.63812;-11.55435;1.016656;-79.67285;-11.83252;1.016656;-79.72137;-12.03903;1.016656;-79.7574;-12.27892;1.016656;-79.79924;-12.54622;1.016656;-79.84587;-12.78354;1.016656;-79.88727;-12.98432;1.016656;-79.92229;-13.28047;1.016656;-79.97395;-13.48111;1.016656;-80.00894;-13.76689;1.016656;-80.05879;-14.0164;1.016656;-80.10231;-14.24215;1.016656;-80.14169;-14.4423;1.016656;-80.1766;-14.64247;1.016656;-80.21151;-14.88146;1.016656;-80.2532;-15.08386;1.016656;-80.2885;-15.32111;1.016656;-80.32988;-15.55473;1.016656;-80.34354;-15.82413;1.016656;-80.39122;-16.06125;1.016656;-80.43318;-16.28772;1.016656;-80.47326;-16.56593;1.016656;-80.5225;-16.83988;1.016656;-80.57098;-17.12627;1.016656;-80.62167;-17.32789;1.016656;-80.65734;-17.54981;1.016656;-80.69661;-17.75046;1.016656;-80.73212;-18.06086;1.016656;-80.78705;-18.37486;1.016656;-80.84261;-18.59259;1.016656;-80.88114;-18.80208;1.016656;-80.91822;-19.04335;1.016656;-80.96092;-19.26104;1.016656;-80.99944;-19.49462;1.016656;-81.03568;-19.76889;1.016656;-81.08442;-20.04963;1.016656;-81.13432;-20.33088;1.016656;-81.1843;-20.61493;1.016656;-81.23477;-20.81801;1.016656;-81.27087;-21.05184;1.016656;-81.31242;-21.2845;1.016656;-81.35378;-21.54908;1.016656;-81.4008;-21.75035;1.016656;-81.43658;-21.96958;1.016656;-81.47554;-22.24244;1.016656;-81.52403;-22.47812;1.016656;-81.56593;-22.75313;1.016656;-81.61481;-23.03194;1.016656;-81.66436;-23.24942;1.016656;-81.70302;-23.39989;1.016656;-81.67249;-23.64408;1.016656;-81.72073;-23.86658;1.016656;-81.76477;-24.09059;1.016656;-81.80912;-24.3319;1.016656;-81.8569;-24.53287;1.016656;-81.89669;-24.79374;1.016656;-81.94576;-25.01555;1.016656;-81.98777;-25.24528;1.016656;-82.03273;-25.58727;1.016656;-82.0998
