AgentType;TaskName;Distance;Collisions;Collisions_Searching;Duration;pos0x;pos0y;pos0z;pos1x;pos1y;pos1z;pos2x;pos2y;pos2z;pos3x;pos3y;pos3z;pos4x;pos4y;pos4z;pos5x;pos5y;pos5z;pos6x;pos6y;pos6z;pos7x;pos7y;pos7z;pos8x;pos8y;pos8z;pos9x;pos9y;pos9z;pos10x;pos10y;pos10z;pos11x;pos11y;pos11z;pos12x;pos12y;pos12z;pos13x;pos13y;pos13z;pos14x;pos14y;pos14z;pos15x;pos15y;pos15z;pos16x;pos16y;pos16z;pos17x;pos17y;pos17z;pos18x;pos18y;pos18z;pos19x;pos19y;pos19z;pos20x;pos20y;pos20z;pos21x;pos21y;pos21z;pos22x;pos22y;pos22z;pos23x;pos23y;pos23z;pos24x;pos24y;pos24z
Searcher;Searching;13.40481;0;1;3.511437;-3.55;0.5047777;-14.63;-3.668276;0.5056474;-14.33304;-3.813163;0.5067127;-13.96927;-3.99202;0.5080279;-13.5202;-4.178141;0.5093964;-13.0529;-4.368409;0.5107954;-12.57519;-4.553786;0.51233;-12.10976;-4.742615;0.514182;-11.63565;-4.95134;0.5160784;-11.1116;-5.244034;0.516665;-10.37672;-5.496426;0.516665;-9.735099;-5.696147;0.516665;-9.229808;-5.923909;0.516665;-8.800226;-6.252227;0.516665;-8.379722;-6.583832;0.516665;-8.3;-7.030446;0.516665;-8.3;-7.490295;0.516665;-8.269179;-7.983469;0.516665;-8.255933;-8.587226;0.516665;-8.363581;-9.371891;0.516665;-8.525628;-10.00526;0.516665;-8.656156;-10.83064;0.516665;-8.826249;-11.43832;0.516665;-8.951482;-12.1162;0.516665;-9.091177;-12.71919;0.516665;-9.215442
Searcher;Searching;11.92479;0;4;2.89096;-3.468191;0.5041762;-14.81265;-3.432269;0.5039121;-14.78793;-3.309063;0.5030062;-14.6678;-3.331472;0.5032091;-14.44471;-3.379804;0.504407;-14.13805;-3.472549;0.5058319;-13.77326;-3.628178;0.5074977;-13.34682;-3.852615;0.5094634;-12.8436;-4.162833;0.5121306;-12.15404;-4.421649;0.5141678;-11.55074;-4.633247;0.515768;-11.08056;-4.846604;0.516665;-10.64244;-5.104176;0.516665;-10.12751;-5.341299;0.516665;-9.710711;-5.692992;0.516665;-9.299481;-6.082938;0.516665;-9.01156;-6.527381;0.516665;-8.810501;-7.120615;0.516665;-8.673333;-7.918059;0.516665;-8.616523;-8.555241;0.516665;-8.576955;-9.396255;0.516665;-8.523432;-10.01268;0.516665;-8.486231;-10.70026;0.516665;-8.444381;-11.31186;0.516665;-8.406467;NaN;NaN;NaN
Searcher;Searching;12.62146;0;4;2.85549;-3.551635;0.5047898;-14.63092;-3.746853;0.5062252;-14.74055;-3.873302;0.5120022;-14.81156;-4.068388;0.516665;-14.92112;-4.341095;0.516665;-15.07428;-4.677633;0.516665;-15.26328;-5.091784;0.516665;-15.49669;-5.581491;0.516665;-15.77163;-6.269117;0.516665;-16.15506;-6.884527;0.516665;-16.45002;-7.400131;0.516665;-16.57313;-7.913928;0.516665;-16.60411;-8.530748;0.516665;-16.62092;-9.0591;0.516665;-16.63532;-9.686602;0.516665;-16.65241;-10.25961;0.516665;-16.66803;-10.8178;0.516665;-16.68324;-11.47204;0.516665;-16.70106;-12.27296;0.516665;-16.72289;-12.91941;0.516665;-16.7405;-13.76181;0.516665;-16.76345;-14.38204;0.516665;-16.78036;-15.0739;0.516665;-16.79921;-15.68934;0.516665;-16.81598;NaN;NaN;NaN
Searcher;Searching;10.32097;0;9;2.812168;-3.633565;0.5053922;-14.49139;-3.77304;0.5064178;-14.39659;-3.825298;0.506802;-14.26731;-3.907037;0.507403;-14.06493;-4.022018;0.5082484;-13.78011;-4.163797;0.5092909;-13.42702;-4.331579;0.5105246;-12.98811;-4.523137;0.5119331;-12.45765;-4.791704;0.5139079;-11.71362;-5.023033;0.516303;-11.06411;-5.203044;0.516665;-10.55145;-5.37979;0.516665;-10.06466;-5.590297;0.516665;-9.485441;-5.79219;0.516665;-9.009296;-6.11249;0.516665;-8.51971;-6.459727;0.516665;-8.3;-6.773383;0.516665;-8.3;-7.317162;0.516665;-8.3;-7.966667;0.516665;-8.184409;-7.966667;0.516665;-8.1514;-8.258959;0.516665;-8.3;-8.635385;0.516665;-8.479055;-9.164501;0.516665;-8.591461;-9.730591;0.516665;-8.597264;NaN;NaN;NaN
Searcher;Searching;12.20335;0;6;2.805768;-3.378284;0.5035151;-14.53121;-3.233066;0.5034724;-14.37729;-3.27858;0.5039564;-14.25339;-3.354766;0.5047246;-14.05673;-3.46871;0.5058063;-13.77981;-3.619676;0.5071364;-13.43932;-3.820232;0.508758;-13.02419;-4.074322;0.5107235;-12.52102;-4.430975;0.5134293;-11.81497;-4.742017;0.5155674;-11.1992;-4.987303;0.516665;-10.71362;-5.218324;0.516665;-10.2502;-5.491969;0.516665;-9.697997;-5.739123;0.516665;-9.23164;-6.093746;0.516665;-8.744166;-6.482058;0.516665;-8.391817;-6.902962;0.516665;-8.3;-7.470667;0.516665;-8.262667;-8.216789;0.516665;-8.3;-8.832036;0.516665;-8.380469;-9.666989;0.516665;-8.494587;-10.28173;0.516665;-8.578612;-10.96747;0.516665;-8.672341;-11.57747;0.516665;-8.755717;NaN;NaN;NaN
Searcher;Searching;12.09033;0;6;2.797097;-3.4561;0.5040873;-14.62981;-3.249375;0.5025673;-14.70717;-3.121596;0.5019053;-14.77847;-3.227955;0.5024098;-14.89784;-3.413261;0.5085109;-15.05376;-3.672493;0.516665;-15.222;-4.018585;0.516665;-15.38534;-4.495177;0.516665;-15.55496;-5.221858;0.5164349;-15.81703;-5.837064;0.5159432;-16.08332;-6.254039;0.5163575;-16.29343;-6.705698;0.516665;-16.42853;-7.298606;0.516665;-16.49743;-7.826515;0.516665;-16.52343;-8.453502;0.516665;-16.55405;-9.026042;0.516665;-16.58201;-9.583776;0.516665;-16.60925;-10.23747;0.516665;-16.64118;-11.03774;0.516665;-16.68027;-11.68366;0.516665;-16.71181;-12.52127;0.516665;-16.75558;-13.13627;0.516665;-16.78931;-13.82284;0.516665;-16.82648;-14.43484;0.516665;-16.85707;NaN;NaN;NaN
Searcher;Searching;8.101716;0;3;2.78561;-3.571403;0.5049351;-14.41358;-3.619916;0.5052918;-14.30702;-3.700126;0.5058816;-14.12787;-3.812886;0.5067107;-13.86652;-3.951545;0.5077302;-13.53593;-4.122245;0.5089854;-13.12277;-4.329486;0.5105093;-12.64393;-4.625598;0.5128787;-11.9693;-4.923384;0.5148761;-11.52647;-5.119842;0.5163207;-11.08964;-5.316058;0.516665;-10.69862;-5.560793;0.516665;-10.25659;-5.692231;0.516665;-10;-5.7;0.516665;-10;-5.665118;0.516665;-10;-5.522545;0.516665;-9.849375;-5.424881;0.516665;-9.536412;-5.43089;0.516665;-9.128667;-5.562792;0.516665;-8.885282;-5.899669;0.516665;-8.658788;-6.281395;0.516665;-8.572157;-6.823689;0.516665;-8.552996;-7.4138;0.516665;-8.616013;NaN;NaN;NaN;NaN;NaN;NaN
Searcher;Searching;11.55205;0;5;2.779101;-3.383602;0.5035542;-14.51263;-3.416866;0.5037988;-14.41452;-3.478756;0.5042539;-14.24229;-3.577436;0.504985;-13.99006;-3.710887;0.506227;-13.67213;-3.885419;0.5077782;-13.27501;-4.114853;0.5097593;-12.76786;-4.44157;0.5125733;-12.04746;-4.726504;0.5149233;-11.41919;-4.951201;0.5166116;-10.92375;-5.165223;0.516665;-10.45184;-5.414417;0.516665;-9.888177;-5.632605;0.516665;-9.407495;-5.954699;0.516665;-8.887918;-6.303145;0.516665;-8.511239;-6.688524;0.516665;-8.3;-7.191845;0.516665;-8.3;-7.820482;0.516665;-8.209983;-8.333905;0.516665;-8.348444;-9.128481;0.516665;-8.504786;-9.736873;0.516665;-8.626563;-10.41552;0.516665;-8.762419;-11.01921;0.516665;-8.883269;NaN;NaN;NaN;NaN;NaN;NaN
Searcher;Searching;11.26833;0;3;2.726242;-3.551146;0.5047861;-14.62712;-3.575653;0.5049664;-14.56559;-3.629817;0.5053647;-14.4296;-3.716284;0.5060004;-14.2125;-3.830591;0.5068409;-13.92551;-3.97767;0.5079224;-13.55623;-4.175119;0.5093742;-13.06049;-4.467813;0.5115263;-12.32561;-4.723075;0.5139903;-11.68471;-4.924373;0.5158523;-11.1793;-5.116107;0.516665;-10.69791;-5.34145;0.516665;-10.12391;-5.533251;0.516665;-9.632092;-5.79053;0.516665;-9.060836;-6.087071;0.516665;-8.617046;-6.425894;0.516665;-8.3;-6.878675;0.516665;-8.3;-7.510354;0.516665;-8.216758;-8.007071;0.516665;-8.273737;-8.741243;0.516665;-8.436242;-9.349411;0.516665;-8.559122;-10.02834;0.516665;-8.693597;-10.63227;0.516665;-8.813208;NaN;NaN;NaN;NaN;NaN;NaN
Searcher;Searching;11.43897;0;2;2.620974;-3.494349;0.5043685;-14.77845;-3.538411;0.5046925;-14.87764;-3.666414;0.5129239;-14.95142;-3.868386;0.516665;-15.04743;-4.15162;0.516665;-15.17435;-4.554631;0.516665;-15.34897;-5.189496;0.516665;-15.61971;-5.823265;0.516665;-15.88385;-6.33933;0.516665;-16.04055;-6.850372;0.516665;-16.10265;-7.466095;0.516665;-16.14309;-7.993515;0.516665;-16.17761;-8.619908;0.516665;-16.21861;-9.191907;0.516665;-16.25605;-9.749113;0.516665;-16.29253;-10.40219;0.516665;-16.33528;-11.2017;0.516665;-16.38761;-11.84701;0.516665;-16.42985;-12.68792;0.516665;-16.48489;-13.30706;0.516665;-16.52542;-13.9977;0.516665;-16.57063;-14.61205;0.516665;-16.61084;NaN;NaN;NaN;NaN;NaN;NaN;NaN;NaN;NaN
Searcher;Searching;10.86205;0;0;2.525445;-3.539012;0.504697;-14.6666;-3.596592;0.5051203;-14.69916;-3.724278;0.5060592;-14.76932;-3.927335;0.516665;-14.87991;-4.236672;0.516665;-15.04755;-4.736056;0.516665;-15.31767;-5.331948;0.516665;-15.63962;-5.811676;0.516665;-15.89617;-6.282933;0.516665;-16.10237;-6.870743;0.516665;-16.24378;-7.395791;0.516665;-16.27788;-8.023039;0.516665;-16.30258;-8.595818;0.516665;-16.32512;-9.153784;0.516665;-16.34709;-9.807755;0.516665;-16.37283;-10.60836;0.516665;-16.40435;-11.25454;0.516665;-16.42978;-12.09661;0.516665;-16.46293;-12.71658;0.516665;-16.48734;-13.40816;0.516665;-16.51456;-14.02335;0.516665;-16.53878;NaN;NaN;NaN;NaN;NaN;NaN;NaN;NaN;NaN;NaN;NaN;NaN
Searcher;Searching;9.690494;0;0;2.424531;-3.508767;0.5044746;-14.48657;-3.525689;0.504599;-14.41886;-3.570519;0.5049286;-14.27187;-3.659043;0.5055795;-14.02147;-3.816212;0.5067351;-13.6037;-4.0488;0.508658;-13.0498;-4.265991;0.5106063;-12.55102;-4.473018;0.5124618;-12.076;-4.719551;0.5146558;-11.51034;-4.928483;0.5162951;-11.02517;-5.173891;0.516665;-10.44824;-5.402881;0.516665;-9.923214;-5.634778;0.516665;-9.415246;-5.929307;0.516665;-8.851768;-6.381256;0.516665;-8.31364;-6.821087;0.516665;-8.3;-7.5;0.516665;-8.233334;-7.997562;0.516665;-8.264229;-8.610637;0.516665;-8.381006;-9.202188;0.516665;-8.509267;NaN;NaN;NaN;NaN;NaN;NaN;NaN;NaN;NaN;NaN;NaN;NaN;NaN;NaN;NaN
Searcher;Searching;9.795586;0;0;2.325419;-3.514341;0.5045155;-14.64482;-3.578637;0.5049883;-14.67463;-3.735067;0.5061385;-14.74663;-4.023428;0.516665;-14.87518;-4.46334;0.516665;-15.082;-4.891259;0.516665;-15.3245;-5.326726;0.516665;-15.60282;-5.843871;0.516665;-15.93687;-6.300181;0.516665;-16.19361;-6.87531;0.516665;-16.39237;-7.432733;0.516665;-16.46675;-7.990787;0.516665;-16.48638;-8.644866;0.516665;-16.5092;-9.445602;0.516665;-16.53714;-10.09189;0.516665;-16.55969;-10.9341;0.516665;-16.58908;-11.55418;0.516665;-16.61071;-12.24587;0.516665;-16.63485;-12.86116;0.516665;-16.65631;NaN;NaN;NaN;NaN;NaN;NaN;NaN;NaN;NaN;NaN;NaN;NaN;NaN;NaN;NaN;NaN;NaN;NaN
Searcher;Searching;8.551948;0;1;2.223615;-3.659066;0.5055797;-14.48638;-3.697929;0.5058655;-14.41011;-3.780734;0.5064743;-14.23441;-3.927631;0.5075544;-13.88277;-4.077877;0.5086592;-13.49731;-4.250137;0.5099258;-13.04574;-4.468553;0.5115318;-12.46864;-4.655612;0.5129072;-11.9743;-4.877775;0.5151525;-11.38719;-5.080646;0.516665;-10.85107;-5.27827;0.516665;-10.32881;-5.506943;0.516665;-9.716007;-5.790386;0.516665;-8.967691;-6.08815;0.516665;-8.467599;-6.574324;0.516665;-8.3;-7.008742;0.516665;-8.3;-7.560197;0.516665;-8.270163;-8.111191;0.516665;-8.3;NaN;NaN;NaN;NaN;NaN;NaN;NaN;NaN;NaN;NaN;NaN;NaN;NaN;NaN;NaN;NaN;NaN;NaN;NaN;NaN;NaN
Searcher;Searching;8.731869;0;0;2.124571;-3.501077;0.504418;-14.58685;-3.559324;0.5048463;-14.61953;-3.883791;0.5072321;-14.69157;-4.177454;0.516665;-14.80686;-4.515588;0.516665;-14.98417;-4.978262;0.516665;-15.28427;-5.39531;0.516665;-15.60706;-5.880312;0.5165192;-16.00092;-6.351668;0.516665;-16.28743;-6.847714;0.516665;-16.47104;-7.471879;0.516665;-16.57176;-8.272845;0.516665;-16.59207;-8.91933;0.516665;-16.60809;-9.761786;0.516665;-16.62895;-10.38206;0.516665;-16.64432;-11.07396;0.516665;-16.66146;-11.68944;0.516665;-16.6767;NaN;NaN;NaN;NaN;NaN;NaN;NaN;NaN;NaN;NaN;NaN;NaN;NaN;NaN;NaN;NaN;NaN;NaN;NaN;NaN;NaN;NaN;NaN;NaN
Searcher;Searching;7.324065;0;2;1.904338;-3.55;0.5047777;-14.63;-3.623635;0.5053192;-14.44512;-3.683795;0.5057615;-14.29408;-3.795203;0.5065807;-14.01436;-3.927825;0.5075558;-13.68138;-4.126492;0.5090166;-13.18258;-4.338595;0.5105762;-12.65004;-4.545213;0.512246;-12.13127;-4.787382;0.514621;-11.52325;-5.08385;0.516665;-10.77889;-5.323136;0.516665;-10.17811;-5.603382;0.516665;-9.384649;-5.914907;0.516665;-8.864955;-6.337783;0.516665;-8.403106;-6.784467;0.516665;-8.3;NaN;NaN;NaN;NaN;NaN;NaN;NaN;NaN;NaN;NaN;NaN;NaN;NaN;NaN;NaN;NaN;NaN;NaN;NaN;NaN;NaN;NaN;NaN;NaN;NaN;NaN;NaN;NaN;NaN;NaN
Searcher;Searching;7.27444;0;4;1.828548;-3.55;0.5047777;-14.63;-3.660547;0.5055906;-14.76995;-3.757066;0.5073088;-14.82545;-3.968005;0.516665;-14.93986;-4.238507;0.516665;-15.08299;-4.659425;0.516665;-15.30238;-5.139968;0.516665;-15.55003;-5.636352;0.5166595;-15.80318;-6.230333;0.516665;-16.06653;-7.005741;0.516665;-16.26781;-7.63268;0.516665;-16.42639;-8.449688;0.516665;-16.63295;-9.051893;0.516665;-16.77912;-9.723016;0.516665;-16.94475;-10.31701;0.516665;-17.10365;NaN;NaN;NaN;NaN;NaN;NaN;NaN;NaN;NaN;NaN;NaN;NaN;NaN;NaN;NaN;NaN;NaN;NaN;NaN;NaN;NaN;NaN;NaN;NaN;NaN;NaN;NaN;NaN;NaN;NaN
Searcher;Searching;6.671546;0;3;1.766335;-3.476092;0.5042343;-14.81556;-3.423026;0.5038441;-14.78782;-3.320226;0.5030882;-14.65921;-3.217829;0.5031866;-14.45046;-3.113104;0.5045842;-14.09268;-3.039597;0.5062888;-13.65632;-2.992388;0.507888;-13.13183;-2.948891;0.5096877;-12.4788;-2.895746;0.5118912;-11.67934;-2.852851;0.5136697;-11.03408;-2.796954;0.5160535;-10.19322;-2.755799;0.516665;-9.574132;-2.70989;0.516665;-8.883541;-2.663269;0.516665;-8.270408;NaN;NaN;NaN;NaN;NaN;NaN;NaN;NaN;NaN;NaN;NaN;NaN;NaN;NaN;NaN;NaN;NaN;NaN;NaN;NaN;NaN;NaN;NaN;NaN;NaN;NaN;NaN;NaN;NaN;NaN;NaN;NaN;NaN
Searcher;Searching;6.540781;0;5;1.704687;-3.55;0.5047777;-14.63;-3.557848;0.5048354;-14.6103;-3.606962;0.5051966;-14.48698;-3.686225;0.5057794;-14.28798;-3.821519;0.5067742;-13.94829;-3.986457;0.507987;-13.53417;-4.183643;0.5094368;-13.03909;-4.425812;0.5112175;-12.43106;-4.72228;0.5139825;-11.68671;-4.961565;0.5161641;-11.08592;-5.273386;0.516665;-10.30302;-5.502967;0.516665;-9.7266;-5.752625;0.516665;-9.081999;-6.020607;0.516665;-8.577233;NaN;NaN;NaN;NaN;NaN;NaN;NaN;NaN;NaN;NaN;NaN;NaN;NaN;NaN;NaN;NaN;NaN;NaN;NaN;NaN;NaN;NaN;NaN;NaN;NaN;NaN;NaN;NaN;NaN;NaN;NaN;NaN;NaN
Searcher;Searching;5.933667;0;4;1.612566;-3.57586;0.5049679;-14.7701;-3.643909;0.5054682;-14.8358;-3.75599;0.5062923;-14.77952;-3.91873;0.507489;-14.6118;-4.070755;0.5086068;-14.34717;-4.21686;0.5096811;-13.98743;-4.400697;0.5110329;-13.44423;-4.63191;0.5127329;-12.67709;-4.807307;0.5140226;-12.05995;-5.051418;0.5158176;-11.25337;-5.232629;0.516665;-10.65996;-5.432344;0.516665;-9.997639;-5.610892;0.516665;-9.40886;NaN;NaN;NaN;NaN;NaN;NaN;NaN;NaN;NaN;NaN;NaN;NaN;NaN;NaN;NaN;NaN;NaN;NaN;NaN;NaN;NaN;NaN;NaN;NaN;NaN;NaN;NaN;NaN;NaN;NaN;NaN;NaN;NaN;NaN;NaN;NaN
Searcher;Searching;5.546661;0;4;1.495701;-3.533096;0.5046535;-14.67244;-3.55816;0.5048378;-14.82865;-3.670134;0.5095249;-14.90692;-3.87435;0.516665;-15.02403;-4.169412;0.516665;-15.17333;-4.631166;0.516665;-15.38697;-5.343616;0.516665;-15.68908;-5.941692;0.516665;-15.92688;-6.754257;0.516665;-16.10122;-7.373729;0.516665;-16.13621;-8.064797;0.516665;-16.17426;-8.679532;0.516665;-16.20811;NaN;NaN;NaN;NaN;NaN;NaN;NaN;NaN;NaN;NaN;NaN;NaN;NaN;NaN;NaN;NaN;NaN;NaN;NaN;NaN;NaN;NaN;NaN;NaN;NaN;NaN;NaN;NaN;NaN;NaN;NaN;NaN;NaN;NaN;NaN;NaN;NaN;NaN;NaN
Searcher;Searching;4.894473;0;3;1.374038;-3.55;0.5047777;-14.63;-3.5555;0.5048182;-14.59906;-3.589714;0.5050697;-14.46301;-3.660175;0.5055878;-14.23513;-3.795172;0.5065805;-13.85766;-4.039742;0.5083788;-13.2372;-4.287755;0.5102589;-12.63997;-4.611521;0.5132981;-11.86193;-4.849901;0.5154473;-11.28909;-5.109399;0.516665;-10.64839;-5.345733;0.516665;-10.08029;NaN;NaN;NaN;NaN;NaN;NaN;NaN;NaN;NaN;NaN;NaN;NaN;NaN;NaN;NaN;NaN;NaN;NaN;NaN;NaN;NaN;NaN;NaN;NaN;NaN;NaN;NaN;NaN;NaN;NaN;NaN;NaN;NaN;NaN;NaN;NaN;NaN;NaN;NaN;NaN;NaN;NaN
Searcher;Searching;4.303388;0;3;1.32493;-3.517934;0.5045419;-14.78705;-3.556254;0.5048237;-14.72515;-3.78351;0.5064947;-14.69462;-3.959782;0.5077909;-14.50427;-4.189125;0.5094772;-14.0947;-4.370263;0.5108091;-13.60704;-4.609136;0.5125655;-12.81845;-4.784457;0.5138546;-12.22328;-4.979946;0.515292;-11.55934;-5.153841;0.516665;-10.96875;NaN;NaN;NaN;NaN;NaN;NaN;NaN;NaN;NaN;NaN;NaN;NaN;NaN;NaN;NaN;NaN;NaN;NaN;NaN;NaN;NaN;NaN;NaN;NaN;NaN;NaN;NaN;NaN;NaN;NaN;NaN;NaN;NaN;NaN;NaN;NaN;NaN;NaN;NaN;NaN;NaN;NaN;NaN;NaN;NaN
Searcher;Searching;3.585824;0;4;1.199895;-3.489257;0.5043311;-14.58495;-3.454564;0.504076;-14.4544;-3.654604;0.5055469;-14.37891;-4.00024;0.5080883;-14.39853;-4.35914;0.5151933;-14.54962;-4.894984;0.516665;-14.92162;-5.265752;0.516665;-15.33625;-5.686277;0.5164354;-15.88183;-6.030212;0.5151245;-16.37818;NaN;NaN;NaN;NaN;NaN;NaN;NaN;NaN;NaN;NaN;NaN;NaN;NaN;NaN;NaN;NaN;NaN;NaN;NaN;NaN;NaN;NaN;NaN;NaN;NaN;NaN;NaN;NaN;NaN;NaN;NaN;NaN;NaN;NaN;NaN;NaN;NaN;NaN;NaN;NaN;NaN;NaN;NaN;NaN;NaN;NaN;NaN;NaN
Searcher;Searching;3.374999;0;3;1.08477;-3.55;0.5047777;-14.63;-3.625542;0.5053332;-14.6729;-3.866892;0.5124677;-14.82132;-4.194808;0.516665;-15.02489;-4.781073;0.516665;-15.39108;-5.306757;0.516665;-15.72066;-5.893116;0.5161175;-16.08837;-6.417146;0.5163432;-16.41008;NaN;NaN;NaN;NaN;NaN;NaN;NaN;NaN;NaN;NaN;NaN;NaN;NaN;NaN;NaN;NaN;NaN;NaN;NaN;NaN;NaN;NaN;NaN;NaN;NaN;NaN;NaN;NaN;NaN;NaN;NaN;NaN;NaN;NaN;NaN;NaN;NaN;NaN;NaN;NaN;NaN;NaN;NaN;NaN;NaN;NaN;NaN;NaN;NaN;NaN;NaN
Searcher;Searching;3.261707;0;4;1.024212;-3.55;0.5047777;-14.63;-3.405269;0.5037135;-14.5205;-3.470361;0.5041922;-14.31159;-3.58489;0.5050343;-13.99858;-3.822945;0.5071936;-13.42468;-4.067434;0.5093296;-12.87786;-4.352891;0.5117925;-12.24736;-4.606836;0.5139833;-11.6865;NaN;NaN;NaN;NaN;NaN;NaN;NaN;NaN;NaN;NaN;NaN;NaN;NaN;NaN;NaN;NaN;NaN;NaN;NaN;NaN;NaN;NaN;NaN;NaN;NaN;NaN;NaN;NaN;NaN;NaN;NaN;NaN;NaN;NaN;NaN;NaN;NaN;NaN;NaN;NaN;NaN;NaN;NaN;NaN;NaN;NaN;NaN;NaN;NaN;NaN;NaN
Searcher;Searching;2.503548;0;4;0.9059954;-3.499975;0.5044099;-14.61979;-3.484554;0.5042965;-14.47757;-3.548779;0.5047688;-14.30047;-3.733227;0.506125;-13.91105;-3.931174;0.5075805;-13.48229;-4.18634;0.5094567;-12.88089;-4.423065;0.5115378;-12.31255;NaN;NaN;NaN;NaN;NaN;NaN;NaN;NaN;NaN;NaN;NaN;NaN;NaN;NaN;NaN;NaN;NaN;NaN;NaN;NaN;NaN;NaN;NaN;NaN;NaN;NaN;NaN;NaN;NaN;NaN;NaN;NaN;NaN;NaN;NaN;NaN;NaN;NaN;NaN;NaN;NaN;NaN;NaN;NaN;NaN;NaN;NaN;NaN;NaN;NaN;NaN;NaN;NaN;NaN
Searcher;Searching;1.675604;0;4;0.7673736;-3.55;0.5047777;-14.63;-3.562142;0.504867;-14.59952;-3.64763;0.5054956;-14.38488;-3.768255;0.5063825;-14.08202;-3.95458;0.5077526;-13.6142;-4.170004;0.5093366;-13.07333;NaN;NaN;NaN;NaN;NaN;NaN;NaN;NaN;NaN;NaN;NaN;NaN;NaN;NaN;NaN;NaN;NaN;NaN;NaN;NaN;NaN;NaN;NaN;NaN;NaN;NaN;NaN;NaN;NaN;NaN;NaN;NaN;NaN;NaN;NaN;NaN;NaN;NaN;NaN;NaN;NaN;NaN;NaN;NaN;NaN;NaN;NaN;NaN;NaN;NaN;NaN;NaN;NaN;NaN;NaN;NaN;NaN
Searcher;Searching;1.084912;0;3;0.6811218;-3.488638;0.5043265;-14.78406;-3.376683;0.5035033;-14.72773;-3.281796;0.5029306;-14.51599;-3.217746;0.5042416;-14.18039;-3.265009;0.5057376;-13.79741;NaN;NaN;NaN;NaN;NaN;NaN;NaN;NaN;NaN;NaN;NaN;NaN;NaN;NaN;NaN;NaN;NaN;NaN;NaN;NaN;NaN;NaN;NaN;NaN;NaN;NaN;NaN;NaN;NaN;NaN;NaN;NaN;NaN;NaN;NaN;NaN;NaN;NaN;NaN;NaN;NaN;NaN;NaN;NaN;NaN;NaN;NaN;NaN;NaN;NaN;NaN;NaN;NaN;NaN;NaN;NaN;NaN;NaN;NaN;NaN
Searcher;Searching;1.070442;0;4;0.6086721;-3.52698;0.5046085;-14.6878;-3.481842;0.5042766;-14.4672;-3.401607;0.5037552;-14.3049;-3.392572;0.5049056;-14.01042;-3.475946;0.5063121;-13.65035;NaN;NaN;NaN;NaN;NaN;NaN;NaN;NaN;NaN;NaN;NaN;NaN;NaN;NaN;NaN;NaN;NaN;NaN;NaN;NaN;NaN;NaN;NaN;NaN;NaN;NaN;NaN;NaN;NaN;NaN;NaN;NaN;NaN;NaN;NaN;NaN;NaN;NaN;NaN;NaN;NaN;NaN;NaN;NaN;NaN;NaN;NaN;NaN;NaN;NaN;NaN;NaN;NaN;NaN;NaN;NaN;NaN;NaN;NaN;NaN
Searcher;Searching;0.4927328;0;6;0.4735675;-3.55;0.5047777;-14.63;-3.561204;0.5048601;-14.60187;-3.625471;0.5053326;-14.44051;-3.73232;0.5061183;-14.17224;NaN;NaN;NaN;NaN;NaN;NaN;NaN;NaN;NaN;NaN;NaN;NaN;NaN;NaN;NaN;NaN;NaN;NaN;NaN;NaN;NaN;NaN;NaN;NaN;NaN;NaN;NaN;NaN;NaN;NaN;NaN;NaN;NaN;NaN;NaN;NaN;NaN;NaN;NaN;NaN;NaN;NaN;NaN;NaN;NaN;NaN;NaN;NaN;NaN;NaN;NaN;NaN;NaN;NaN;NaN;NaN;NaN;NaN;NaN;NaN;NaN;NaN;NaN
Searcher;Searching;0.3378245;0;4;0.3835511;-3.48771;0.5043197;-14.7864;-3.486678;0.5043122;-14.70293;-3.3103;0.5030152;-14.51967;NaN;NaN;NaN;NaN;NaN;NaN;NaN;NaN;NaN;NaN;NaN;NaN;NaN;NaN;NaN;NaN;NaN;NaN;NaN;NaN;NaN;NaN;NaN;NaN;NaN;NaN;NaN;NaN;NaN;NaN;NaN;NaN;NaN;NaN;NaN;NaN;NaN;NaN;NaN;NaN;NaN;NaN;NaN;NaN;NaN;NaN;NaN;NaN;NaN;NaN;NaN;NaN;NaN;NaN;NaN;NaN;NaN;NaN;NaN;NaN;NaN;NaN;NaN;NaN;NaN;NaN
Searcher;Searching;0.3803267;0;5;0.3145909;-3.526085;0.5046019;-14.69004;-3.449136;0.5040361;-14.52452;-3.394007;0.5036393;-14.33457;NaN;NaN;NaN;NaN;NaN;NaN;NaN;NaN;NaN;NaN;NaN;NaN;NaN;NaN;NaN;NaN;NaN;NaN;NaN;NaN;NaN;NaN;NaN;NaN;NaN;NaN;NaN;NaN;NaN;NaN;NaN;NaN;NaN;NaN;NaN;NaN;NaN;NaN;NaN;NaN;NaN;NaN;NaN;NaN;NaN;NaN;NaN;NaN;NaN;NaN;NaN;NaN;NaN;NaN;NaN;NaN;NaN;NaN;NaN;NaN;NaN;NaN;NaN;NaN;NaN;NaN
Searcher;Searching;0.1308641;0;4;0.175396;-3.615212;0.5052572;-14.60197;-3.745162;0.5062128;-14.58656;NaN;NaN;NaN;NaN;NaN;NaN;NaN;NaN;NaN;NaN;NaN;NaN;NaN;NaN;NaN;NaN;NaN;NaN;NaN;NaN;NaN;NaN;NaN;NaN;NaN;NaN;NaN;NaN;NaN;NaN;NaN;NaN;NaN;NaN;NaN;NaN;NaN;NaN;NaN;NaN;NaN;NaN;NaN;NaN;NaN;NaN;NaN;NaN;NaN;NaN;NaN;NaN;NaN;NaN;NaN;NaN;NaN;NaN;NaN;NaN;NaN;NaN;NaN;NaN;NaN;NaN;NaN;NaN;NaN
Searcher;Searching;0;0;1;0.1205516;-3.55;0.5047777;-14.63;NaN;NaN;NaN;NaN;NaN;NaN;NaN;NaN;NaN;NaN;NaN;NaN;NaN;NaN;NaN;NaN;NaN;NaN;NaN;NaN;NaN;NaN;NaN;NaN;NaN;NaN;NaN;NaN;NaN;NaN;NaN;NaN;NaN;NaN;NaN;NaN;NaN;NaN;NaN;NaN;NaN;NaN;NaN;NaN;NaN;NaN;NaN;NaN;NaN;NaN;NaN;NaN;NaN;NaN;NaN;NaN;NaN;NaN;NaN;NaN;NaN;NaN;NaN;NaN;NaN;NaN;NaN;NaN;NaN;NaN;NaN;NaN
Searcher;Searching;0;0;0;-0.001773357;NaN;NaN;NaN;NaN;NaN;NaN;NaN;NaN;NaN;NaN;NaN;NaN;NaN;NaN;NaN;NaN;NaN;NaN;NaN;NaN;NaN;NaN;NaN;NaN;NaN;NaN;NaN;NaN;NaN;NaN;NaN;NaN;NaN;NaN;NaN;NaN;NaN;NaN;NaN;NaN;NaN;NaN;NaN;NaN;NaN;NaN;NaN;NaN;NaN;NaN;NaN;NaN;NaN;NaN;NaN;NaN;NaN;NaN;NaN;NaN;NaN;NaN;NaN;NaN;NaN;NaN;NaN;NaN;NaN;NaN;NaN;NaN;NaN;NaN;NaN
