2.228;-44.610;2.005;-86.050;0.000;0.000;1.000;0.000;1.000;0.000;1.000;0.000;0.000
2.336;-44.610;2.005;-86.050;0.000;0.000;1.000;0.000;1.000;0.000;1.000;0.000;0.000
2.440;-44.610;2.005;-86.050;-0.385;0.159;0.909;0.062;0.987;-0.147;0.921;0.000;0.390
2.545;-44.610;2.005;-86.050;-0.520;0.258;0.814;0.139;0.966;-0.218;0.843;0.000;0.538
2.647;-44.610;2.005;-86.050;-0.545;0.290;0.787;0.165;0.957;-0.238;0.822;0.000;0.569
2.750;-44.610;2.005;-86.050;-0.547;0.304;0.780;0.174;0.953;-0.249;0.819;0.000;0.574
2.859;-44.610;2.005;-86.050;-0.543;0.277;0.792;0.157;0.961;-0.228;0.825;0.000;0.566
2.962;-44.610;2.005;-86.050;-0.498;0.178;0.849;0.090;0.984;-0.154;0.862;0.000;0.506
3.064;-44.610;2.005;-86.050;-0.376;0.032;0.926;0.012;0.999;-0.030;0.926;0.000;0.376
3.166;-44.610;2.005;-86.050;-0.095;-0.132;0.987;-0.013;0.991;0.131;0.995;0.000;0.096
3.268;-44.610;2.005;-86.050;0.126;-0.193;0.973;0.025;0.981;0.191;0.992;0.000;-0.129
3.370;-44.610;2.005;-86.050;0.293;-0.208;0.933;0.062;0.978;0.198;0.954;0.000;-0.299
3.476;-44.610;2.005;-86.050;0.399;-0.208;0.893;0.085;0.978;0.189;0.913;0.000;-0.408
3.584;-44.610;2.005;-86.050;0.457;-0.203;0.866;0.095;0.979;0.180;0.884;0.000;-0.467
3.685;-44.610;2.005;-86.050;0.555;-0.189;0.810;0.107;0.982;0.156;0.825;0.000;-0.566
3.792;-44.610;2.005;-86.050;0.673;-0.179;0.718;0.122;0.984;0.130;0.730;0.000;-0.684
3.898;-44.610;2.005;-86.050;0.762;-0.179;0.622;0.138;0.984;0.113;0.633;0.000;-0.775
4.005;-44.610;2.005;-86.050;0.865;-0.179;0.468;0.157;0.984;0.085;0.476;0.000;-0.880
4.109;-44.610;2.005;-86.050;0.878;-0.177;0.444;0.158;0.984;0.080;0.452;0.000;-0.892
4.218;-44.610;2.005;-86.050;0.913;-0.167;0.373;0.154;0.986;0.063;0.378;0.000;-0.926
4.324;-44.610;2.005;-86.050;0.932;-0.158;0.327;0.149;0.987;0.052;0.331;0.000;-0.944
4.425;-44.610;2.005;-86.050;0.951;-0.154;0.270;0.148;0.988;0.042;0.273;0.000;-0.962
4.527;-44.610;2.005;-86.050;0.965;-0.166;0.203;0.162;0.986;0.034;0.206;0.000;-0.979
4.633;-44.610;2.005;-86.050;0.975;-0.182;0.131;0.180;0.983;0.024;0.134;0.000;-0.991
4.735;-44.610;2.005;-86.050;0.978;-0.183;0.102;0.182;0.983;0.019;0.104;0.000;-0.995
4.835;-44.610;2.005;-86.050;0.979;-0.183;0.085;0.182;0.983;0.016;0.086;0.000;-0.996
4.936;-44.610;2.005;-86.050;0.980;-0.183;0.082;0.182;0.983;0.015;0.084;0.000;-0.996
5.039;-44.610;2.005;-86.050;0.978;-0.183;0.096;0.182;0.983;0.018;0.097;0.000;-0.995
5.140;-44.610;2.005;-86.050;0.965;-0.189;0.181;0.185;0.982;0.035;0.184;0.000;-0.983
5.240;-44.610;2.005;-86.050;0.952;-0.196;0.237;0.190;0.981;0.047;0.242;0.000;-0.970
5.342;-44.610;2.005;-86.050;0.907;-0.217;0.360;0.202;0.976;0.080;0.369;0.000;-0.929
5.443;-44.610;2.005;-86.050;0.812;-0.228;0.537;0.190;0.974;0.126;0.552;0.000;-0.834
5.545;-44.610;2.005;-86.050;0.688;-0.228;0.688;0.161;0.974;0.161;0.707;0.000;-0.707
5.646;-44.610;2.005;-86.050;0.599;-0.217;0.771;0.133;0.976;0.172;0.790;0.000;-0.614
5.747;-44.610;2.005;-86.050;0.586;-0.213;0.782;0.128;0.977;0.171;0.800;0.000;-0.600
5.851;-44.610;2.005;-86.050;0.583;-0.211;0.785;0.126;0.977;0.169;0.803;0.000;-0.596
5.952;-44.610;2.005;-86.050;0.569;-0.181;0.802;0.105;0.983;0.148;0.815;0.000;-0.579
6.061;-44.610;2.005;-86.050;0.535;-0.057;0.843;0.031;0.998;0.049;0.844;0.000;-0.536
6.167;-44.610;2.005;-86.050;0.525;0.028;0.851;-0.015;1.000;-0.024;0.851;0.000;-0.525
6.275;-44.610;2.005;-86.050;0.520;0.084;0.850;-0.044;0.996;-0.071;0.853;0.000;-0.521
6.381;-44.610;2.005;-86.050;0.526;0.030;0.850;-0.016;1.000;-0.025;0.850;0.000;-0.527
6.486;-44.610;2.005;-86.050;0.526;-0.099;0.844;0.052;0.995;0.084;0.849;0.000;-0.529
6.591;-44.610;2.005;-86.050;0.535;-0.153;0.831;0.083;0.988;0.129;0.841;0.000;-0.542
6.697;-44.610;2.005;-86.050;0.666;-0.187;0.722;0.127;0.982;0.138;0.735;0.000;-0.678
6.804;-44.610;2.005;-86.050;0.732;-0.187;0.655;0.140;0.982;0.125;0.667;0.000;-0.745
6.914;-44.610;2.005;-86.050;0.739;-0.189;0.647;0.142;0.982;0.125;0.659;0.000;-0.752
7.019;-44.610;2.005;-86.050;0.675;-0.168;0.718;0.115;0.986;0.123;0.728;0.000;-0.685
7.119;-44.610;2.005;-86.050;0.401;-0.137;0.906;0.055;0.991;0.125;0.915;0.000;-0.404
7.229;-44.610;2.005;-86.050;0.317;-0.085;0.945;0.027;0.996;0.080;0.948;0.000;-0.318
7.339;-44.610;2.005;-86.050;0.298;-0.076;0.951;0.023;0.997;0.073;0.954;0.000;-0.299
7.444;-44.610;2.005;-86.050;0.296;-0.076;0.952;0.023;0.997;0.073;0.955;0.000;-0.297
7.548;-44.610;2.005;-86.050;0.317;-0.086;0.944;0.027;0.996;0.082;0.948;0.000;-0.318
7.649;-44.610;2.005;-86.050;0.405;-0.108;0.908;0.044;0.994;0.099;0.913;0.000;-0.407
7.755;-44.610;2.005;-86.050;0.500;-0.135;0.855;0.068;0.991;0.117;0.863;0.000;-0.505
7.862;-44.610;2.005;-86.050;0.539;-0.135;0.831;0.074;0.991;0.113;0.839;0.000;-0.544
7.969;-44.610;2.005;-86.050;0.554;-0.119;0.824;0.066;0.993;0.098;0.830;0.000;-0.558
8.077;-44.610;2.005;-86.050;0.566;-0.119;0.816;0.068;0.993;0.097;0.822;0.000;-0.570
8.179;-44.610;2.005;-86.050;0.640;-0.123;0.759;0.079;0.992;0.094;0.765;0.000;-0.645
8.279;-44.610;2.005;-86.050;0.715;-0.112;0.690;0.080;0.994;0.078;0.694;0.000;-0.720
8.386;-44.610;2.005;-86.050;0.742;-0.107;0.662;0.080;0.994;0.071;0.665;0.000;-0.746
8.489;-44.610;2.005;-86.050;0.751;-0.107;0.652;0.081;0.994;0.070;0.655;0.000;-0.755
8.596;-44.610;2.005;-86.050;0.764;-0.095;0.639;0.073;0.995;0.061;0.642;0.000;-0.767
8.696;-44.610;2.005;-86.050;0.770;-0.093;0.631;0.072;0.996;0.059;0.634;0.000;-0.774
8.802;-44.610;2.005;-86.050;0.770;-0.093;0.631;0.072;0.996;0.059;0.634;0.000;-0.774
8.911;-44.610;2.005;-86.050;0.775;-0.093;0.625;0.072;0.996;0.058;0.627;0.000;-0.779
9.013;-44.610;2.005;-86.050;0.803;-0.093;0.589;0.075;0.996;0.055;0.592;0.000;-0.806
9.114;-44.610;2.005;-86.050;0.816;-0.093;0.570;0.076;0.996;0.053;0.573;0.000;-0.820
9.220;-44.610;2.005;-86.050;0.863;-0.085;0.497;0.074;0.996;0.043;0.499;0.000;-0.867
9.327;-44.610;2.005;-86.050;0.863;-0.085;0.497;0.074;0.996;0.043;0.499;0.000;-0.867
9.428;-44.610;2.005;-86.050;0.863;-0.085;0.497;0.074;0.996;0.043;0.499;0.000;-0.867
9.536;-44.610;2.005;-86.050;0.790;-0.126;0.601;0.100;0.992;0.076;0.605;0.000;-0.796
9.640;-44.610;2.005;-86.050;0.729;-0.140;0.670;0.103;0.990;0.095;0.677;0.000;-0.736
9.746;-44.610;2.005;-86.050;0.721;-0.140;0.678;0.102;0.990;0.096;0.685;0.000;-0.729
9.858;-44.610;2.005;-86.050;0.720;-0.140;0.680;0.102;0.990;0.096;0.686;0.000;-0.727
9.967;-44.610;2.005;-86.050;0.720;-0.140;0.680;0.102;0.990;0.096;0.686;0.000;-0.727
10.071;-44.610;2.005;-86.050;0.731;-0.140;0.668;0.104;0.990;0.095;0.675;0.000;-0.738
10.179;-44.610;2.005;-86.050;0.731;-0.140;0.668;0.104;0.990;0.095;0.675;0.000;-0.738
10.287;-44.610;2.005;-86.050;0.731;-0.140;0.668;0.104;0.990;0.095;0.675;0.000;-0.738
10.389;-44.595;2.080;-86.036;0.729;-0.140;0.669;0.103;0.990;0.095;0.676;0.000;-0.737
10.490;-44.515;2.080;-85.963;0.728;-0.140;0.671;0.103;0.990;0.095;0.678;0.000;-0.735
10.592;-44.369;2.080;-85.825;0.712;-0.136;0.688;0.098;0.991;0.094;0.695;0.000;-0.719
10.695;-44.178;2.080;-85.600;0.593;-0.122;0.796;0.073;0.992;0.098;0.802;0.000;-0.598
10.800;-44.001;2.080;-85.339;0.520;-0.122;0.846;0.064;0.992;0.104;0.852;0.000;-0.523
10.905;-43.884;2.080;-85.049;0.245;-0.151;0.958;0.037;0.989;0.146;0.969;0.000;-0.248
11.009;-43.822;2.080;-84.744;0.193;-0.149;0.970;0.029;0.989;0.146;0.981;0.000;-0.195
11.119;-43.760;2.080;-84.422;0.175;-0.108;0.979;0.019;0.994;0.106;0.984;0.000;-0.176
11.221;-43.714;2.080;-84.120;0.140;-0.056;0.989;0.008;0.998;0.055;0.990;0.000;-0.141
11.324;-43.675;2.080;-83.812;0.107;-0.053;0.993;0.006;0.999;0.053;0.994;0.000;-0.107
11.428;-43.643;2.080;-83.500;0.103;-0.053;0.993;0.005;0.999;0.053;0.995;0.000;-0.103
11.533;-43.610;2.080;-83.188;0.110;-0.057;0.992;0.006;0.998;0.057;0.994;0.000;-0.110
11.634;-43.565;2.080;-82.889;0.164;-0.061;0.985;0.010;0.998;0.060;0.986;0.000;-0.165
11.740;-43.513;2.080;-82.574;0.164;-0.061;0.985;0.010;0.998;0.060;0.986;0.000;-0.165
11.841;-43.463;2.080;-82.277;0.167;-0.061;0.984;0.010;0.998;0.060;0.986;0.000;-0.167
11.943;-43.400;2.080;-81.974;0.250;-0.061;0.966;0.015;0.998;0.059;0.968;0.000;-0.251
12.052;-43.282;2.080;-81.674;0.451;-0.063;0.890;0.028;0.998;0.056;0.892;0.000;-0.452
12.159;-43.110;2.080;-81.402;0.589;-0.069;0.805;0.041;0.998;0.055;0.807;0.000;-0.591
12.264;-42.908;2.080;-81.157;0.672;-0.069;0.737;0.046;0.998;0.051;0.739;0.000;-0.674
12.365;-42.691;2.080;-80.947;0.770;-0.076;0.634;0.058;0.997;0.048;0.635;0.000;-0.772
12.466;-42.436;2.080;-80.788;0.883;-0.077;0.463;0.068;0.997;0.036;0.465;0.000;-0.886
12.567;-42.161;2.080;-80.662;0.925;-0.079;0.370;0.073;0.997;0.029;0.372;0.000;-0.928
12.671;-41.859;2.080;-80.576;0.969;-0.078;0.234;0.076;0.997;0.018;0.235;0.000;-0.972
12.772;-41.566;2.080;-80.508;0.972;-0.078;0.220;0.076;0.997;0.017;0.221;0.000;-0.975
12.874;-41.267;2.080;-80.441;0.973;-0.078;0.219;0.076;0.997;0.017;0.219;0.000;-0.976
12.975;-41.016;2.080;-80.387;0.978;-0.076;0.194;0.074;0.997;0.015;0.195;0.000;-0.981
13.076;-40.856;2.080;-80.357;0.982;-0.072;0.172;0.071;0.997;0.012;0.172;0.000;-0.985
13.182;-40.785;2.080;-80.345;0.988;-0.069;0.139;0.068;0.998;0.010;0.139;0.000;-0.990
13.283;-40.785;2.080;-80.345;0.990;-0.068;0.127;0.067;0.998;0.009;0.127;0.000;-0.992
13.385;-40.785;2.080;-80.345;0.990;-0.067;0.125;0.067;0.998;0.008;0.126;0.000;-0.992
13.487;-40.785;2.080;-80.345;0.990;-0.067;0.124;0.067;0.998;0.008;0.125;0.000;-0.992
13.590;-40.757;2.080;-80.341;0.990;-0.066;0.122;0.066;0.998;0.008;0.123;0.000;-0.992
13.692;-40.632;2.080;-80.326;0.991;-0.063;0.122;0.063;0.998;0.008;0.122;0.000;-0.993
13.794;-40.414;2.080;-80.299;0.991;-0.061;0.121;0.060;0.998;0.007;0.121;0.000;-0.993
13.895;-40.125;2.080;-80.264;0.991;-0.061;0.120;0.060;0.998;0.007;0.120;0.000;-0.993
13.997;-39.820;2.080;-80.229;0.992;-0.058;0.108;0.058;0.998;0.006;0.108;0.000;-0.994
14.100;-39.513;2.080;-80.196;0.993;-0.058;0.105;0.058;0.998;0.006;0.105;0.000;-0.994
14.202;-39.207;2.080;-80.167;0.995;-0.052;0.090;0.052;0.999;0.005;0.090;0.000;-0.996
14.306;-38.895;2.080;-80.139;0.995;-0.052;0.090;0.052;0.999;0.005;0.090;0.000;-0.996
14.406;-38.596;2.080;-80.110;0.992;-0.047;0.114;0.047;0.999;0.005;0.114;0.000;-0.993
14.508;-38.293;2.080;-80.066;0.983;-0.069;0.172;0.068;0.998;0.012;0.172;0.000;-0.985
14.611;-37.990;2.080;-80.006;0.972;-0.086;0.218;0.083;0.996;0.019;0.218;0.000;-0.976
14.715;-37.687;2.080;-79.933;0.965;-0.097;0.242;0.094;0.995;0.024;0.244;0.000;-0.970
14.818;-37.388;2.080;-79.852;0.955;-0.105;0.277;0.101;0.995;0.029;0.278;0.000;-0.961
14.921;-37.092;2.080;-79.759;0.945;-0.100;0.311;0.095;0.995;0.031;0.312;0.000;-0.950
15.022;-36.811;2.080;-79.661;0.931;-0.090;0.353;0.084;0.996;0.032;0.355;0.000;-0.935
15.123;-36.536;2.080;-79.536;0.876;-0.090;0.473;0.079;0.996;0.043;0.475;0.000;-0.880
15.224;-36.274;2.080;-79.385;0.860;-0.090;0.502;0.078;0.996;0.045;0.504;0.000;-0.864
15.326;-36.009;2.080;-79.225;0.842;-0.095;0.531;0.080;0.996;0.051;0.534;0.000;-0.846
15.432;-35.746;2.080;-79.050;0.826;-0.099;0.555;0.082;0.995;0.055;0.558;0.000;-0.830
15.535;-35.493;2.080;-78.880;0.826;-0.103;0.554;0.086;0.995;0.057;0.557;0.000;-0.831
15.640;-35.226;2.080;-78.707;0.844;-0.110;0.525;0.093;0.994;0.058;0.528;0.000;-0.849
15.740;-34.950;2.080;-78.583;0.952;-0.153;0.264;0.147;0.988;0.041;0.267;0.000;-0.964
15.842;-34.651;2.080;-78.531;0.985;-0.153;0.083;0.153;0.988;0.013;0.084;0.000;-0.996
15.946;-34.340;2.080;-78.520;0.991;-0.136;-0.010;0.136;0.991;-0.001;-0.010;0.000;-1.000
16.046;-34.038;2.080;-78.528;0.991;-0.123;-0.044;0.123;0.992;-0.005;-0.045;0.000;-0.999
16.150;-33.730;2.080;-78.550;0.990;-0.117;-0.085;0.116;0.993;-0.010;-0.086;0.000;-0.996
16.250;-33.430;2.080;-78.584;0.984;-0.113;-0.135;0.112;0.994;-0.015;-0.136;0.000;-0.991
16.352;-33.130;2.080;-78.630;0.981;-0.109;-0.163;0.108;0.994;-0.018;-0.163;0.000;-0.987
16.453;-32.831;2.080;-78.687;0.976;-0.101;-0.193;0.099;0.995;-0.019;-0.194;0.000;-0.981
16.555;-32.530;2.080;-78.746;0.976;-0.101;-0.193;0.099;0.995;-0.019;-0.194;0.000;-0.981
16.655;-32.234;2.080;-78.804;0.976;-0.101;-0.193;0.099;0.995;-0.019;-0.194;0.000;-0.981
16.756;-31.938;2.080;-78.861;0.979;-0.105;-0.177;0.103;0.994;-0.019;-0.178;0.000;-0.984
16.860;-31.632;2.080;-78.915;0.980;-0.107;-0.169;0.105;0.994;-0.018;-0.170;0.000;-0.985
16.961;-31.332;2.080;-78.963;0.983;-0.112;-0.146;0.110;0.994;-0.016;-0.147;0.000;-0.989
17.063;-31.026;2.080;-78.976;0.990;-0.128;0.052;0.128;0.992;0.007;0.053;0.000;-0.999
17.164;-30.725;2.080;-78.951;0.985;-0.141;0.100;0.140;0.990;0.014;0.101;0.000;-0.995
17.265;-30.424;2.080;-78.915;0.979;-0.147;0.141;0.145;0.989;0.021;0.143;0.000;-0.990
17.369;-30.123;2.080;-78.835;0.942;-0.144;0.303;0.138;0.990;0.044;0.306;0.000;-0.952
17.472;-29.834;2.080;-78.730;0.924;-0.144;0.355;0.134;0.990;0.052;0.358;0.000;-0.934
17.572;-29.558;2.080;-78.613;0.905;-0.147;0.399;0.134;0.989;0.059;0.403;0.000;-0.915
17.679;-29.265;2.080;-78.482;0.902;-0.147;0.407;0.134;0.989;0.060;0.412;0.000;-0.911
17.780;-28.990;2.080;-78.357;0.901;-0.147;0.408;0.134;0.989;0.061;0.413;0.000;-0.911
17.882;-28.712;2.080;-78.231;0.899;-0.147;0.414;0.133;0.989;0.061;0.418;0.000;-0.908
17.985;-28.438;2.080;-78.085;0.857;-0.128;0.499;0.111;0.992;0.064;0.503;0.000;-0.864
18.097;-28.166;2.080;-77.888;0.747;-0.114;0.655;0.085;0.994;0.075;0.659;0.000;-0.752
18.205;-27.941;2.080;-77.681;0.727;-0.114;0.677;0.083;0.994;0.077;0.682;0.000;-0.731
18.325;-27.756;2.080;-77.541;0.711;-0.117;0.693;0.084;0.993;0.082;0.698;0.000;-0.716
18.429;-27.672;2.080;-77.526;0.685;-0.127;0.717;0.087;0.992;0.092;0.723;0.000;-0.691
18.531;-27.659;2.080;-77.524;0.637;-0.138;0.758;0.089;0.990;0.106;0.766;0.000;-0.643
18.635;-27.659;2.080;-77.524;0.502;-0.151;0.852;0.077;0.989;0.130;0.862;0.000;-0.508
18.743;-27.659;2.080;-77.524;0.443;-0.153;0.883;0.069;0.988;0.137;0.894;0.000;-0.448
18.847;-27.659;2.080;-77.524;0.417;-0.156;0.896;0.066;0.988;0.141;0.907;0.000;-0.422
18.953;-27.645;2.080;-77.521;0.417;-0.156;0.896;0.066;0.988;0.141;0.907;0.000;-0.422
19.063;-27.569;2.080;-77.508;0.414;-0.156;0.897;0.065;0.988;0.141;0.908;0.000;-0.419
19.168;-27.443;2.080;-77.485;0.407;-0.157;0.900;0.065;0.988;0.143;0.911;0.000;-0.412
19.276;-27.248;2.080;-77.432;0.407;-0.157;0.900;0.065;0.988;0.143;0.911;0.000;-0.412
19.378;-27.047;2.080;-77.248;0.407;-0.157;0.900;0.065;0.988;0.143;0.911;0.000;-0.412
19.480;-26.935;2.080;-76.965;0.249;-0.155;0.956;0.039;0.988;0.150;0.968;0.000;-0.252
19.584;-26.931;2.080;-76.657;-0.173;-0.148;0.974;-0.026;0.989;0.145;0.984;0.000;0.175
19.692;-27.022;2.080;-76.346;-0.349;-0.153;0.925;-0.054;0.988;0.143;0.936;0.000;0.353
19.803;-27.087;2.080;-76.028;-0.407;-0.157;0.900;-0.065;0.988;0.143;0.911;0.000;0.412
19.908;-27.154;2.080;-75.729;-0.403;-0.159;0.901;-0.065;0.987;0.145;0.913;0.000;0.408
20.009;-27.263;2.080;-75.448;-0.284;-0.151;0.947;-0.043;0.989;0.145;0.958;0.000;0.287
20.113;-27.331;2.080;-75.144;-0.137;-0.136;0.981;-0.019;0.991;0.135;0.990;0.000;0.138
20.218;-27.357;2.080;-74.828;-0.013;-0.136;0.991;-0.002;0.991;0.136;1.000;0.000;0.013
20.322;-27.346;2.080;-74.519;0.052;-0.136;0.989;0.007;0.991;0.136;0.999;0.000;-0.052
20.428;-27.328;2.080;-74.200;0.060;-0.134;0.989;0.008;0.991;0.134;0.998;0.000;-0.061
20.534;-27.308;2.080;-73.883;0.062;-0.134;0.989;0.008;0.991;0.134;0.998;0.000;-0.063
20.638;-27.288;2.080;-73.572;0.062;-0.132;0.989;0.008;0.991;0.132;0.998;0.000;-0.063
20.742;-27.271;2.080;-73.262;0.048;-0.128;0.991;0.006;0.992;0.128;0.999;0.000;-0.048
20.845;-27.257;2.080;-72.952;0.044;-0.128;0.991;0.006;0.992;0.128;0.999;0.000;-0.044
20.951;-27.254;2.080;-72.632;-0.020;-0.130;0.991;-0.003;0.991;0.130;1.000;0.000;0.020
21.052;-27.263;2.080;-72.330;-0.049;-0.125;0.991;-0.006;0.992;0.125;0.999;0.000;0.050
21.155;-27.283;2.080;-72.024;-0.070;-0.122;0.990;-0.009;0.992;0.122;0.998;0.000;0.070
21.262;-27.308;2.080;-71.702;-0.091;-0.114;0.989;-0.010;0.993;0.114;0.996;0.000;0.091
21.367;-27.337;2.080;-71.389;-0.093;-0.113;0.989;-0.011;0.994;0.113;0.996;0.000;0.093
21.469;-27.365;2.080;-71.087;-0.093;-0.113;0.989;-0.011;0.994;0.113;0.996;0.000;0.093
21.571;-27.395;2.080;-70.780;-0.099;-0.111;0.989;-0.011;0.994;0.111;0.995;0.000;0.100
21.677;-27.431;2.080;-70.467;-0.119;-0.108;0.987;-0.013;0.994;0.107;0.993;0.000;0.120
21.783;-27.473;2.080;-70.148;-0.137;-0.103;0.985;-0.014;0.995;0.102;0.991;0.000;0.137
21.884;-27.519;2.080;-69.851;-0.178;-0.095;0.979;-0.017;0.995;0.094;0.984;0.000;0.179
21.987;-27.582;2.080;-69.546;-0.203;-0.087;0.975;-0.018;0.996;0.085;0.979;0.000;0.204
22.090;-27.647;2.080;-69.245;-0.215;-0.083;0.973;-0.018;0.997;0.081;0.976;0.000;0.216
22.198;-27.718;2.080;-68.930;-0.217;-0.083;0.973;-0.018;0.997;0.081;0.976;0.000;0.218
22.306;-27.788;2.080;-68.615;-0.217;-0.083;0.973;-0.018;0.997;0.081;0.976;0.000;0.218
22.410;-27.856;2.080;-68.310;-0.221;-0.083;0.972;-0.018;0.997;0.081;0.975;0.000;0.222
22.518;-27.928;2.080;-67.995;-0.221;-0.083;0.972;-0.018;0.997;0.081;0.975;0.000;0.222
22.618;-27.995;2.080;-67.700;-0.221;-0.083;0.972;-0.018;0.997;0.081;0.975;0.000;0.222
22.720;-28.063;2.080;-67.403;-0.221;-0.083;0.972;-0.018;0.997;0.081;0.975;0.000;0.222
22.823;-28.133;2.080;-67.099;-0.223;-0.083;0.971;-0.019;0.997;0.081;0.975;0.000;0.224
22.931;-28.205;2.080;-66.786;-0.225;-0.083;0.971;-0.019;0.997;0.081;0.974;0.000;0.226
23.038;-28.278;2.080;-66.471;-0.225;-0.083;0.971;-0.019;0.997;0.081;0.974;0.000;0.226
23.145;-28.339;2.080;-66.206;-0.225;-0.083;0.971;-0.019;0.997;0.081;0.974;0.000;0.226
23.246;-28.377;2.080;-66.046;-0.229;-0.083;0.970;-0.019;0.997;0.081;0.973;0.000;0.230
23.348;-28.394;2.080;-65.975;-0.236;-0.083;0.968;-0.020;0.997;0.081;0.972;0.000;0.237
23.454;-28.394;2.080;-65.972;-0.257;-0.089;0.962;-0.023;0.996;0.086;0.966;0.000;0.258
23.561;-28.394;2.080;-65.972;-0.278;-0.093;0.956;-0.026;0.996;0.089;0.960;0.000;0.279
23.663;-28.394;2.080;-65.972;-0.311;-0.102;0.945;-0.032;0.995;0.097;0.950;0.000;0.312
23.770;-28.394;2.080;-65.972;-0.380;-0.114;0.918;-0.044;0.993;0.105;0.924;0.000;0.382
23.872;-28.394;2.080;-65.972;-0.444;-0.120;0.888;-0.054;0.993;0.108;0.894;0.000;0.447
23.974;-28.394;2.080;-65.972;-0.466;-0.122;0.877;-0.057;0.993;0.108;0.883;0.000;0.469
24.078;-28.394;2.080;-65.972;-0.596;-0.125;0.793;-0.075;0.992;0.100;0.800;0.000;0.601
24.181;-28.394;2.080;-65.972;-0.677;-0.127;0.725;-0.087;0.992;0.093;0.731;0.000;0.682
24.281;-28.394;2.080;-65.972;-0.701;-0.123;0.703;-0.087;0.992;0.087;0.708;0.000;0.706
24.383;-28.394;2.080;-65.972;-0.749;-0.121;0.652;-0.091;0.993;0.079;0.657;0.000;0.754
24.484;-28.394;2.080;-65.972;-0.789;-0.123;0.602;-0.098;0.992;0.075;0.607;0.000;0.795
24.586;-28.394;2.080;-65.972;-0.825;-0.125;0.551;-0.104;0.992;0.070;0.555;0.000;0.832
24.692;-28.394;2.080;-65.972;-0.882;-0.136;0.451;-0.121;0.991;0.062;0.455;0.000;0.890
24.793;-28.394;2.080;-65.972;-0.911;-0.139;0.388;-0.128;0.990;0.054;0.392;0.000;0.920
24.897;-28.394;2.080;-65.972;-0.931;-0.144;0.335;-0.136;0.990;0.049;0.338;0.000;0.941
24.998;-28.394;2.080;-65.972;-0.939;-0.146;0.310;-0.139;0.989;0.046;0.313;0.000;0.950
25.099;-28.394;2.080;-65.972;-0.945;-0.148;0.293;-0.141;0.989;0.044;0.297;0.000;0.955
25.201;-28.394;2.080;-65.972;-0.944;-0.148;0.294;-0.141;0.989;0.044;0.297;0.000;0.955
25.304;-28.394;2.080;-65.972;-0.909;-0.144;0.391;-0.132;0.990;0.057;0.395;0.000;0.919
25.407;-28.394;2.080;-65.972;-0.841;-0.125;0.526;-0.106;0.992;0.066;0.530;0.000;0.848
25.513;-28.394;2.080;-65.972;-0.724;-0.114;0.680;-0.083;0.993;0.078;0.685;0.000;0.729
25.613;-28.394;2.080;-65.972;-0.554;-0.123;0.823;-0.068;0.992;0.102;0.830;0.000;0.558
25.721;-28.394;2.080;-65.972;-0.275;-0.128;0.953;-0.035;0.992;0.123;0.961;0.000;0.277
25.826;-28.394;2.080;-65.972;0.053;-0.136;0.989;0.007;0.991;0.136;0.999;0.000;-0.054
25.933;-28.394;2.080;-65.972;0.171;-0.136;0.976;0.023;0.991;0.134;0.985;0.000;-0.173
26.034;-28.394;2.080;-65.972;0.280;-0.130;0.951;0.037;0.991;0.125;0.959;0.000;-0.283
26.140;-28.394;2.080;-65.972;0.354;-0.117;0.928;0.042;0.993;0.109;0.934;0.000;-0.356
26.250;-28.394;2.080;-65.972;0.380;-0.106;0.919;0.041;0.994;0.098;0.924;0.000;-0.382
26.351;-28.394;2.080;-65.972;0.451;-0.087;0.888;0.039;0.996;0.078;0.892;0.000;-0.453
26.451;-28.394;2.080;-65.972;0.478;-0.076;0.875;0.036;0.997;0.067;0.877;0.000;-0.480
26.553;-28.394;2.080;-65.972;0.540;-0.062;0.839;0.034;0.998;0.053;0.841;0.000;-0.541
26.662;-28.394;2.080;-65.972;0.619;-0.069;0.783;0.043;0.998;0.054;0.784;0.000;-0.620
26.771;-28.394;2.080;-65.972;0.741;-0.083;0.667;0.062;0.997;0.055;0.669;0.000;-0.743
26.874;-28.394;2.080;-65.972;0.801;-0.089;0.593;0.072;0.996;0.053;0.595;0.000;-0.804
26.976;-28.394;2.080;-65.972;0.936;-0.114;0.334;0.108;0.993;0.038;0.336;0.000;-0.942
27.079;-28.394;2.080;-65.972;0.952;-0.118;0.282;0.113;0.993;0.033;0.284;0.000;-0.959
27.182;-28.394;2.080;-65.972;0.957;-0.119;0.263;0.114;0.993;0.031;0.265;0.000;-0.964
27.282;-28.394;2.080;-65.972;0.959;-0.119;0.259;0.114;0.993;0.031;0.261;0.000;-0.965
27.385;-28.394;2.080;-65.972;0.960;-0.119;0.255;0.115;0.993;0.030;0.257;0.000;-0.966
27.488;-28.394;2.080;-65.972;0.967;-0.116;0.228;0.113;0.993;0.027;0.230;0.000;-0.973
27.589;-28.394;2.080;-65.972;0.970;-0.116;0.214;0.113;0.993;0.025;0.215;0.000;-0.977
27.692;-28.394;2.080;-65.972;0.972;-0.112;0.205;0.109;0.994;0.023;0.207;0.000;-0.978
27.793;-28.394;2.080;-65.972;0.974;-0.108;0.199;0.106;0.994;0.022;0.200;0.000;-0.980
27.894;-28.394;2.080;-65.972;0.975;-0.107;0.194;0.104;0.994;0.021;0.195;0.000;-0.981
27.995;-28.394;2.080;-65.972;0.975;-0.107;0.193;0.105;0.994;0.021;0.194;0.000;-0.981
28.097;-28.394;2.080;-65.972;0.969;-0.112;0.218;0.110;0.994;0.025;0.219;0.000;-0.976
28.197;-28.394;2.080;-65.972;0.950;-0.127;0.286;0.122;0.992;0.037;0.289;0.000;-0.957
28.297;-28.394;2.080;-65.972;0.861;-0.117;0.495;0.102;0.993;0.058;0.498;0.000;-0.867
28.399;-28.394;2.080;-65.972;0.787;-0.111;0.606;0.088;0.994;0.068;0.610;0.000;-0.792
28.501;-28.394;2.080;-65.972;0.750;-0.109;0.653;0.083;0.994;0.072;0.656;0.000;-0.754
28.605;-28.394;2.080;-65.972;0.729;-0.109;0.676;0.080;0.994;0.074;0.680;0.000;-0.733
28.715;-28.394;2.080;-65.972;0.728;-0.107;0.677;0.079;0.994;0.073;0.681;0.000;-0.732
28.821;-28.394;2.080;-65.972;0.726;-0.106;0.679;0.077;0.994;0.072;0.683;0.000;-0.730
28.928;-28.394;2.080;-65.972;0.725;-0.105;0.681;0.076;0.994;0.072;0.684;0.000;-0.729
29.028;-28.394;2.080;-65.972;0.712;-0.093;0.696;0.067;0.996;0.065;0.699;0.000;-0.715
29.135;-28.394;2.080;-65.972;0.664;-0.056;0.745;0.037;0.998;0.042;0.746;0.000;-0.665
29.240;-28.394;2.080;-65.972;0.611;-0.050;0.790;0.031;0.999;0.040;0.791;0.000;-0.612
29.344;-28.394;2.080;-65.972;0.533;-0.050;0.844;0.027;0.999;0.043;0.846;0.000;-0.534
29.452;-28.394;2.080;-65.972;0.438;-0.050;0.898;0.022;0.999;0.045;0.899;0.000;-0.438
29.562;-28.394;2.080;-65.972;0.378;-0.058;0.924;0.022;0.998;0.054;0.926;0.000;-0.378
29.664;-28.394;2.080;-65.972;0.326;-0.064;0.943;0.021;0.998;0.061;0.945;0.000;-0.327
29.769;-28.394;2.080;-65.972;0.276;-0.071;0.959;0.020;0.997;0.068;0.961;0.000;-0.277
29.875;-28.394;2.080;-65.972;-0.129;-0.148;0.980;-0.019;0.989;0.147;0.991;0.000;0.131
29.978;-28.394;2.080;-65.972;-0.656;-0.208;0.726;-0.140;0.978;0.155;0.742;0.000;0.670
30.080;-28.394;2.080;-65.972;-0.729;-0.221;0.647;-0.165;0.975;0.146;0.664;0.000;0.748
30.185;-28.394;2.080;-65.972;-0.734;-0.223;0.642;-0.168;0.975;0.147;0.658;0.000;0.753
30.291;-28.394;2.080;-65.972;-0.748;-0.229;0.623;-0.176;0.973;0.146;0.640;0.000;0.769
30.394;-28.394;2.080;-65.972;-0.794;-0.230;0.562;-0.188;0.973;0.133;0.578;0.000;0.816
30.497;-28.394;2.080;-65.972;-0.809;-0.217;0.546;-0.180;0.976;0.121;0.559;0.000;0.829
30.598;-28.394;2.080;-65.972;-0.834;-0.205;0.512;-0.175;0.979;0.107;0.523;0.000;0.853
30.701;-28.394;2.080;-65.972;-0.846;-0.183;0.501;-0.157;0.983;0.093;0.509;0.000;0.861
30.802;-28.394;2.080;-65.972;-0.850;-0.171;0.498;-0.148;0.985;0.087;0.506;0.000;0.863
30.902;-28.394;2.080;-65.972;-0.855;-0.145;0.498;-0.125;0.989;0.073;0.503;0.000;0.864
31.006;-28.394;2.080;-65.972;-0.853;-0.087;0.515;-0.075;0.996;0.045;0.517;0.000;0.856
31.111;-28.394;2.080;-65.972;-0.853;-0.086;0.515;-0.074;0.996;0.045;0.517;0.000;0.856
31.211;-28.394;2.080;-65.972;-0.853;-0.086;0.515;-0.074;0.996;0.045;0.517;0.000;0.856
31.312;-28.394;2.080;-65.972;-0.853;-0.086;0.515;-0.074;0.996;0.045;0.517;0.000;0.856
31.414;-28.394;2.080;-65.972;-0.849;-0.092;0.521;-0.079;0.996;0.048;0.523;0.000;0.852
31.517;-28.394;2.080;-65.972;-0.848;-0.093;0.522;-0.079;0.996;0.049;0.524;0.000;0.852
31.617;-28.394;2.080;-65.972;-0.846;-0.094;0.524;-0.080;0.996;0.049;0.526;0.000;0.850
31.720;-28.394;2.080;-65.972;-0.832;-0.091;0.548;-0.076;0.996;0.050;0.550;0.000;0.835
31.822;-28.394;2.080;-65.972;-0.786;-0.074;0.614;-0.058;0.997;0.046;0.616;0.000;0.788
31.924;-28.394;2.080;-65.972;-0.776;-0.065;0.627;-0.050;0.998;0.041;0.628;0.000;0.778
32.027;-28.394;2.080;-65.972;-0.752;-0.061;0.656;-0.046;0.998;0.040;0.657;0.000;0.754
32.130;-28.394;2.080;-65.972;-0.737;-0.062;0.673;-0.046;0.998;0.042;0.674;0.000;0.739
32.232;-28.394;2.080;-65.972;-0.737;-0.062;0.673;-0.046;0.998;0.042;0.674;0.000;0.739
32.336;-28.394;2.080;-65.972;-0.737;-0.062;0.673;-0.046;0.998;0.042;0.674;0.000;0.739
32.437;-28.394;2.080;-65.972;-0.737;-0.062;0.673;-0.046;0.998;0.042;0.674;0.000;0.739
32.540;-28.394;2.080;-65.972;-0.737;-0.062;0.673;-0.046;0.998;0.042;0.674;0.000;0.739
32.640;-28.394;2.080;-65.972;-0.737;-0.062;0.673;-0.046;0.998;0.042;0.674;0.000;0.739
32.740;-28.394;2.080;-65.972;-0.737;-0.062;0.673;-0.046;0.998;0.042;0.674;0.000;0.739
32.844;-28.394;2.080;-65.972;-0.737;-0.062;0.673;-0.046;0.998;0.042;0.674;0.000;0.739
32.949;-28.394;2.080;-65.972;-0.737;-0.062;0.673;-0.046;0.998;0.042;0.674;0.000;0.739
33.051;-28.394;2.080;-65.972;-0.737;-0.062;0.673;-0.046;0.998;0.042;0.674;0.000;0.739
33.154;-28.394;2.080;-65.972;-0.737;-0.062;0.673;-0.046;0.998;0.042;0.674;0.000;0.739
33.258;-28.394;2.080;-65.972;-0.737;-0.062;0.673;-0.046;0.998;0.042;0.674;0.000;0.739
33.362;-28.394;2.080;-65.972;-0.737;-0.062;0.673;-0.046;0.998;0.042;0.674;0.000;0.739
33.466;-28.394;2.080;-65.972;-0.737;-0.062;0.673;-0.046;0.998;0.042;0.674;0.000;0.739
33.568;-28.394;2.080;-65.972;-0.737;-0.062;0.673;-0.046;0.998;0.042;0.674;0.000;0.739
33.669;-28.394;2.080;-65.972;-0.737;-0.062;0.673;-0.046;0.998;0.042;0.674;0.000;0.739
33.770;-28.394;2.080;-65.972;-0.737;-0.062;0.673;-0.046;0.998;0.042;0.674;0.000;0.739
33.872;-28.394;2.080;-65.972;-0.737;-0.062;0.673;-0.046;0.998;0.042;0.674;0.000;0.739
33.975;-28.394;2.080;-65.972;-0.737;-0.062;0.673;-0.046;0.998;0.042;0.674;0.000;0.739
34.078;-28.394;2.080;-65.972;-0.737;-0.062;0.673;-0.046;0.998;0.042;0.674;0.000;0.739
34.182;-28.394;2.080;-65.972;-0.737;-0.062;0.673;-0.046;0.998;0.042;0.674;0.000;0.739
34.286;-28.394;2.080;-65.972;-0.737;-0.062;0.673;-0.046;0.998;0.042;0.674;0.000;0.739
34.391;-28.394;2.080;-65.972;-0.737;-0.062;0.673;-0.046;0.998;0.042;0.674;0.000;0.739
34.495;-28.394;2.080;-65.972;-0.737;-0.062;0.673;-0.046;0.998;0.042;0.674;0.000;0.739
34.597;-28.394;2.080;-65.972;-0.737;-0.062;0.673;-0.046;0.998;0.042;0.674;0.000;0.739
34.700;-28.394;2.080;-65.972;-0.737;-0.062;0.673;-0.046;0.998;0.042;0.674;0.000;0.739
34.803;-28.394;2.080;-65.972;-0.737;-0.062;0.673;-0.046;0.998;0.042;0.674;0.000;0.739
34.907;-28.394;2.080;-65.972;-0.737;-0.062;0.673;-0.046;0.998;0.042;0.674;0.000;0.739
35.008;-28.394;2.080;-65.972;-0.737;-0.062;0.673;-0.046;0.998;0.042;0.674;0.000;0.739
35.114;-28.394;2.080;-65.972;-0.737;-0.062;0.673;-0.046;0.998;0.042;0.674;0.000;0.739
35.216;-28.394;2.080;-65.972;-0.737;-0.062;0.673;-0.046;0.998;0.042;0.674;0.000;0.739
35.318;-28.394;2.080;-65.972;-0.737;-0.062;0.673;-0.046;0.998;0.042;0.674;0.000;0.739
35.423;-28.394;2.080;-65.972;-0.737;-0.062;0.673;-0.046;0.998;0.042;0.674;0.000;0.739
35.527;-28.396;2.080;-65.971;-0.737;-0.062;0.673;-0.046;0.998;0.042;0.674;0.000;0.739
35.630;-28.451;2.080;-65.920;-0.733;-0.063;0.677;-0.047;0.998;0.043;0.679;0.000;0.734
35.732;-28.574;2.080;-65.805;-0.725;-0.063;0.685;-0.046;0.998;0.043;0.687;0.000;0.727
35.834;-28.763;2.080;-65.623;-0.717;-0.062;0.694;-0.045;0.998;0.043;0.695;0.000;0.719
35.939;-28.988;2.080;-65.405;-0.717;-0.062;0.695;-0.045;0.998;0.043;0.696;0.000;0.718
36.039;-29.192;2.080;-65.208;-0.717;-0.062;0.695;-0.045;0.998;0.043;0.696;0.000;0.718
36.141;-29.336;2.080;-65.067;-0.711;-0.062;0.701;-0.044;0.998;0.044;0.702;0.000;0.712
36.243;-29.413;2.080;-64.991;-0.711;-0.062;0.701;-0.044;0.998;0.044;0.702;0.000;0.712
36.345;-29.425;2.080;-64.979;-0.711;-0.062;0.701;-0.044;0.998;0.044;0.702;0.000;0.712
36.447;-29.425;2.080;-64.979;-0.711;-0.062;0.701;-0.044;0.998;0.044;0.702;0.000;0.712
36.550;-29.425;2.080;-64.979;-0.711;-0.062;0.701;-0.044;0.998;0.044;0.702;0.000;0.712
36.651;-29.425;2.080;-64.979;-0.711;-0.062;0.701;-0.044;0.998;0.044;0.702;0.000;0.712
36.752;-29.425;2.080;-64.979;-0.710;-0.062;0.701;-0.044;0.998;0.044;0.703;0.000;0.712
36.855;-29.425;2.080;-64.979;-0.694;-0.064;0.717;-0.045;0.998;0.046;0.718;0.000;0.696
36.957;-29.461;2.080;-64.941;-0.670;-0.061;0.740;-0.041;0.998;0.045;0.741;0.000;0.672
37.058;-29.559;2.080;-64.830;-0.650;-0.062;0.757;-0.040;0.998;0.047;0.759;0.000;0.651
37.160;-29.705;2.080;-64.639;-0.562;-0.069;0.824;-0.039;0.998;0.057;0.826;0.000;0.564
37.264;-29.867;2.080;-64.372;-0.472;-0.082;0.878;-0.039;0.997;0.072;0.881;0.000;0.473
37.367;-29.985;2.080;-64.093;-0.359;-0.089;0.929;-0.032;0.996;0.083;0.933;0.000;0.360
37.477;-30.105;2.080;-63.782;-0.359;-0.089;0.929;-0.032;0.996;0.083;0.933;0.000;0.360
37.583;-30.220;2.080;-63.484;-0.359;-0.089;0.929;-0.032;0.996;0.083;0.933;0.000;0.360
37.689;-30.335;2.080;-63.189;-0.366;-0.078;0.927;-0.029;0.997;0.073;0.930;0.000;0.367
37.790;-30.451;2.080;-62.909;-0.392;-0.056;0.918;-0.022;0.998;0.052;0.920;0.000;0.392
37.894;-30.575;2.080;-62.624;-0.408;-0.052;0.912;-0.021;0.999;0.048;0.913;0.000;0.408
37.995;-30.708;2.080;-62.350;-0.449;-0.052;0.892;-0.023;0.999;0.047;0.893;0.000;0.449
38.096;-30.852;2.080;-62.086;-0.522;-0.050;0.852;-0.026;0.999;0.043;0.853;0.000;0.522
38.199;-31.020;2.080;-61.822;-0.553;-0.059;0.831;-0.033;0.998;0.049;0.832;0.000;0.554
38.304;-31.200;2.080;-61.568;-0.594;-0.070;0.802;-0.042;0.998;0.057;0.804;0.000;0.595
38.406;-31.385;2.080;-61.320;-0.595;-0.072;0.801;-0.043;0.997;0.058;0.803;0.000;0.596
38.511;-31.564;2.080;-61.066;-0.554;-0.056;0.831;-0.031;0.998;0.047;0.832;0.000;0.555
38.614;-31.733;2.080;-60.807;-0.538;-0.046;0.842;-0.025;0.999;0.038;0.843;0.000;0.538
38.718;-31.902;2.080;-60.541;-0.537;-0.046;0.843;-0.025;0.999;0.038;0.843;0.000;0.537
38.823;-32.074;2.080;-60.277;-0.552;-0.031;0.833;-0.017;1.000;0.026;0.833;0.000;0.553
38.926;-32.245;2.080;-60.021;-0.559;-0.026;0.829;-0.015;1.000;0.022;0.829;0.000;0.559
39.028;-32.416;2.080;-59.768;-0.563;-0.023;0.826;-0.013;1.000;0.019;0.826;0.000;0.563
39.131;-32.590;2.080;-59.514;-0.566;-0.023;0.824;-0.013;1.000;0.019;0.824;0.000;0.566
39.236;-32.769;2.080;-59.254;-0.566;-0.023;0.824;-0.013;1.000;0.019;0.824;0.000;0.566
39.341;-32.947;2.080;-58.995;-0.566;-0.023;0.824;-0.013;1.000;0.019;0.824;0.000;0.566
39.444;-33.123;2.080;-58.739;-0.566;-0.023;0.824;-0.013;1.000;0.019;0.824;0.000;0.566
39.544;-33.294;2.080;-58.490;-0.566;-0.023;0.824;-0.013;1.000;0.019;0.824;0.000;0.566
39.647;-33.469;2.080;-58.235;-0.566;-0.023;0.824;-0.013;1.000;0.019;0.824;0.000;0.566
39.750;-33.642;2.080;-57.982;-0.566;-0.023;0.824;-0.013;1.000;0.019;0.824;0.000;0.566
39.853;-33.816;2.080;-57.729;-0.568;-0.023;0.823;-0.013;1.000;0.019;0.823;0.000;0.568
39.955;-33.991;2.080;-57.476;-0.568;-0.023;0.823;-0.013;1.000;0.019;0.823;0.000;0.568
40.058;-34.168;2.080;-57.220;-0.568;-0.023;0.823;-0.013;1.000;0.019;0.823;0.000;0.568
40.161;-34.343;2.080;-56.965;-0.568;-0.023;0.823;-0.013;1.000;0.019;0.823;0.000;0.568
40.262;-34.514;2.080;-56.717;-0.568;-0.023;0.823;-0.013;1.000;0.019;0.823;0.000;0.568
40.365;-34.690;2.080;-56.463;-0.568;-0.023;0.823;-0.013;1.000;0.019;0.823;0.000;0.568
40.469;-34.868;2.080;-56.205;-0.569;-0.023;0.822;-0.013;1.000;0.019;0.822;0.000;0.569
40.570;-35.040;2.080;-55.956;-0.570;-0.023;0.821;-0.013;1.000;0.019;0.822;0.000;0.570
40.671;-35.213;2.080;-55.709;-0.574;-0.023;0.819;-0.013;1.000;0.019;0.819;0.000;0.574
40.772;-35.391;2.080;-55.461;-0.614;-0.033;0.789;-0.020;0.999;0.026;0.789;0.000;0.614
40.876;-35.591;2.080;-55.219;-0.642;-0.041;0.765;-0.026;0.999;0.031;0.766;0.000;0.643
40.976;-35.782;2.080;-54.991;-0.645;-0.041;0.763;-0.026;0.999;0.031;0.763;0.000;0.646
41.079;-35.982;2.080;-54.755;-0.646;-0.041;0.762;-0.026;0.999;0.031;0.763;0.000;0.647
41.180;-36.177;2.080;-54.526;-0.646;-0.041;0.762;-0.026;0.999;0.031;0.763;0.000;0.647
41.280;-36.372;2.080;-54.295;-0.646;-0.041;0.762;-0.026;0.999;0.031;0.763;0.000;0.647
41.382;-36.569;2.080;-54.063;-0.646;-0.041;0.762;-0.026;0.999;0.031;0.763;0.000;0.647
41.484;-36.768;2.080;-53.829;-0.646;-0.041;0.762;-0.026;0.999;0.031;0.763;0.000;0.647
41.589;-36.970;2.080;-53.590;-0.646;-0.041;0.762;-0.026;0.999;0.031;0.763;0.000;0.647
41.690;-37.167;2.080;-53.358;-0.646;-0.041;0.762;-0.026;0.999;0.031;0.763;0.000;0.647
41.793;-37.366;2.080;-53.123;-0.646;-0.041;0.762;-0.026;0.999;0.031;0.763;0.000;0.647
41.896;-37.567;2.080;-52.886;-0.646;-0.041;0.762;-0.026;0.999;0.031;0.763;0.000;0.647
41.999;-37.767;2.080;-52.651;-0.646;-0.041;0.762;-0.026;0.999;0.031;0.763;0.000;0.647
42.099;-37.962;2.080;-52.421;-0.646;-0.041;0.762;-0.026;0.999;0.031;0.763;0.000;0.647
42.203;-38.162;2.080;-52.184;-0.646;-0.041;0.762;-0.026;0.999;0.031;0.763;0.000;0.647
42.307;-38.365;2.080;-51.945;-0.646;-0.041;0.762;-0.026;0.999;0.031;0.763;0.000;0.647
42.408;-38.561;2.080;-51.714;-0.646;-0.041;0.762;-0.026;0.999;0.031;0.763;0.000;0.647
42.512;-38.761;2.080;-51.477;-0.646;-0.041;0.762;-0.026;0.999;0.031;0.763;0.000;0.647
42.615;-38.961;2.080;-51.242;-0.646;-0.041;0.762;-0.026;0.999;0.031;0.763;0.000;0.647
42.715;-39.149;2.080;-51.020;-0.646;-0.041;0.762;-0.026;0.999;0.031;0.763;0.000;0.647
42.815;-39.350;2.080;-50.783;-0.646;-0.041;0.762;-0.026;0.999;0.031;0.763;0.000;0.647
42.917;-39.565;2.080;-50.565;-0.646;-0.041;0.762;-0.026;0.999;0.031;0.763;0.000;0.647
43.019;-39.780;2.080;-50.349;-0.646;-0.041;0.762;-0.026;0.999;0.031;0.763;0.000;0.647
43.123;-39.999;2.080;-50.131;-0.646;-0.041;0.762;-0.026;0.999;0.031;0.763;0.000;0.647
43.225;-40.216;2.080;-49.914;-0.646;-0.041;0.762;-0.026;0.999;0.031;0.763;0.000;0.647
43.326;-40.428;2.080;-49.701;-0.646;-0.041;0.762;-0.026;0.999;0.031;0.763;0.000;0.647
43.427;-40.641;2.080;-49.488;-0.646;-0.041;0.762;-0.026;0.999;0.031;0.763;0.000;0.647
43.527;-40.854;2.080;-49.275;-0.646;-0.041;0.762;-0.026;0.999;0.031;0.763;0.000;0.647
43.629;-41.069;2.080;-49.060;-0.647;-0.040;0.762;-0.026;0.999;0.030;0.762;0.000;0.647
43.731;-41.258;2.080;-48.850;-0.647;-0.040;0.762;-0.026;0.999;0.030;0.762;0.000;0.647
43.832;-41.384;2.080;-48.702;-0.647;-0.040;0.762;-0.026;0.999;0.030;0.762;0.000;0.647
43.934;-41.450;2.080;-48.624;-0.647;-0.040;0.762;-0.026;0.999;0.030;0.762;0.000;0.647
44.036;-41.457;2.080;-48.616;-0.643;-0.040;0.765;-0.025;0.999;0.030;0.765;0.000;0.644
44.138;-41.457;2.080;-48.616;-0.617;-0.040;0.786;-0.024;0.999;0.031;0.786;0.000;0.618
44.241;-41.457;2.080;-48.616;-0.568;-0.040;0.822;-0.023;0.999;0.033;0.823;0.000;0.568
44.342;-41.457;2.080;-48.616;-0.539;-0.042;0.842;-0.023;0.999;0.035;0.842;0.000;0.539
44.445;-41.457;2.080;-48.616;-0.458;-0.044;0.888;-0.020;0.999;0.040;0.888;0.000;0.459
44.547;-41.457;2.080;-48.616;-0.341;-0.053;0.939;-0.018;0.999;0.050;0.940;0.000;0.341
44.650;-41.457;2.080;-48.616;-0.183;-0.070;0.981;-0.013;0.998;0.069;0.983;0.000;0.183
44.760;-41.457;2.080;-48.616;0.043;-0.092;0.995;0.004;0.996;0.092;0.999;0.000;-0.043
44.863;-41.457;2.080;-48.616;0.441;-0.140;0.886;0.062;0.990;0.125;0.895;0.000;-0.446
44.966;-41.457;2.080;-48.616;0.651;-0.178;0.737;0.118;0.984;0.134;0.749;0.000;-0.662
45.074;-41.457;2.080;-48.616;0.780;-0.196;0.594;0.156;0.981;0.119;0.606;0.000;-0.795
45.186;-41.457;2.080;-48.616;0.788;-0.196;0.584;0.158;0.981;0.117;0.596;0.000;-0.803
45.292;-41.457;2.080;-48.616;0.788;-0.196;0.584;0.158;0.981;0.117;0.596;0.000;-0.803
45.394;-41.457;2.080;-48.616;0.788;-0.196;0.584;0.158;0.981;0.117;0.596;0.000;-0.803
45.501;-41.457;2.080;-48.616;0.788;-0.196;0.584;0.158;0.981;0.117;0.596;0.000;-0.803
45.605;-41.457;2.080;-48.616;0.788;-0.196;0.584;0.158;0.981;0.117;0.596;0.000;-0.803
45.710;-41.457;2.080;-48.616;0.788;-0.196;0.584;0.158;0.981;0.117;0.596;0.000;-0.803
45.817;-41.457;2.080;-48.616;0.788;-0.196;0.584;0.158;0.981;0.117;0.596;0.000;-0.803
45.923;-41.457;2.080;-48.616;0.782;-0.197;0.591;0.158;0.980;0.119;0.603;0.000;-0.798
46.027;-41.457;2.080;-48.616;0.701;-0.215;0.680;0.154;0.977;0.150;0.696;0.000;-0.718
46.131;-41.457;2.080;-48.616;0.640;-0.227;0.734;0.149;0.974;0.172;0.754;0.000;-0.657
46.234;-41.457;2.080;-48.616;0.565;-0.232;0.792;0.135;0.973;0.189;0.814;0.000;-0.581
46.343;-41.457;2.080;-48.616;0.466;-0.232;0.854;0.111;0.973;0.204;0.878;0.000;-0.479
46.447;-41.457;2.080;-48.616;0.307;-0.241;0.921;0.076;0.971;0.229;0.949;0.000;-0.316
46.548;-41.457;2.080;-48.616;0.199;-0.247;0.948;0.051;0.969;0.242;0.979;0.000;-0.205
46.649;-41.457;2.080;-48.616;-0.001;-0.249;0.969;0.000;0.969;0.249;1.000;0.000;0.001
46.753;-41.457;2.080;-48.616;-0.152;-0.277;0.949;-0.044;0.961;0.273;0.987;0.000;0.158
46.857;-41.457;2.080;-48.616;-0.307;-0.295;0.905;-0.095;0.955;0.280;0.947;0.000;0.321
46.958;-41.457;2.080;-48.616;-0.392;-0.307;0.868;-0.126;0.952;0.279;0.911;0.000;0.411
47.062;-41.457;2.080;-48.616;-0.440;-0.313;0.841;-0.145;0.950;0.277;0.886;0.000;0.464
47.164;-41.457;2.080;-48.616;-0.488;-0.294;0.822;-0.150;0.956;0.252;0.860;0.000;0.510
47.267;-41.457;2.080;-48.616;-0.570;-0.252;0.782;-0.148;0.968;0.203;0.808;0.000;0.589
47.368;-41.457;2.080;-48.616;-0.597;-0.243;0.765;-0.150;0.970;0.192;0.788;0.000;0.615
47.473;-41.457;2.080;-48.616;-0.608;-0.238;0.757;-0.149;0.971;0.186;0.780;0.000;0.626
47.574;-41.457;2.080;-48.616;-0.611;-0.236;0.756;-0.148;0.972;0.183;0.778;0.000;0.628
47.675;-41.457;2.080;-48.616;-0.611;-0.235;0.756;-0.148;0.972;0.183;0.777;0.000;0.629
47.775;-41.457;2.080;-48.616;-0.611;-0.235;0.756;-0.148;0.972;0.183;0.777;0.000;0.629
47.876;-41.457;2.080;-48.616;-0.612;-0.235;0.755;-0.148;0.972;0.182;0.777;0.000;0.630
47.978;-41.457;2.080;-48.616;-0.612;-0.235;0.755;-0.148;0.972;0.182;0.777;0.000;0.630
48.083;-41.457;2.080;-48.616;-0.616;-0.235;0.752;-0.149;0.972;0.182;0.773;0.000;0.634
48.185;-41.457;2.080;-48.616;-0.621;-0.235;0.748;-0.150;0.972;0.181;0.769;0.000;0.639
48.286;-41.457;2.080;-48.616;-0.621;-0.235;0.748;-0.150;0.972;0.181;0.769;0.000;0.639
48.391;-41.457;2.080;-48.616;-0.621;-0.235;0.748;-0.150;0.972;0.181;0.769;0.000;0.639
48.491;-41.457;2.080;-48.616;-0.646;-0.235;0.726;-0.156;0.972;0.175;0.747;0.000;0.665
48.593;-41.657;2.080;-48.707;-0.662;-0.235;0.712;-0.160;0.972;0.172;0.733;0.000;0.681
48.694;-41.821;2.080;-48.647;-0.665;-0.235;0.709;-0.161;0.972;0.171;0.730;0.000;0.684
48.797;-41.979;2.080;-48.480;-0.674;-0.236;0.700;-0.164;0.972;0.170;0.721;0.000;0.693
48.897;-42.188;2.080;-48.269;-0.687;-0.238;0.687;-0.168;0.971;0.168;0.707;0.000;0.707
49.000;-42.405;2.080;-48.052;-0.688;-0.238;0.686;-0.168;0.971;0.168;0.706;0.000;0.708
49.101;-42.440;2.080;-48.017;-0.688;-0.238;0.686;-0.168;0.971;0.168;0.706;0.000;0.708
49.203;-42.286;2.080;-48.172;-0.688;-0.238;0.686;-0.169;0.971;0.168;0.706;0.000;0.708
49.306;-42.207;2.080;-48.252;-0.688;-0.238;0.686;-0.169;0.971;0.168;0.706;0.000;0.708
49.406;-42.076;2.080;-48.390;-0.688;-0.238;0.686;-0.169;0.971;0.168;0.706;0.000;0.708
49.507;-41.962;2.080;-48.516;-0.688;-0.238;0.686;-0.169;0.971;0.168;0.706;0.000;0.708
49.609;-41.914;2.080;-48.603;-0.708;-0.235;0.666;-0.171;0.972;0.161;0.685;0.000;0.728
49.710;-41.914;2.080;-48.708;-0.716;-0.234;0.658;-0.173;0.972;0.158;0.676;0.000;0.737
49.812;-41.957;2.080;-48.830;-0.716;-0.234;0.658;-0.173;0.972;0.158;0.676;0.000;0.737
49.916;-42.082;2.080;-48.947;-0.717;-0.235;0.656;-0.173;0.972;0.159;0.675;0.000;0.738
50.017;-42.292;2.080;-48.957;-0.717;-0.235;0.656;-0.173;0.972;0.159;0.675;0.000;0.738
50.118;-42.595;2.080;-48.909;-0.708;-0.231;0.667;-0.168;0.973;0.158;0.686;0.000;0.728
50.220;-42.813;2.080;-48.698;-0.694;-0.225;0.684;-0.160;0.974;0.158;0.702;0.000;0.712
50.322;-43.029;2.080;-48.478;-0.670;-0.219;0.710;-0.150;0.976;0.159;0.727;0.000;0.686
50.425;-43.239;2.080;-48.253;-0.666;-0.218;0.714;-0.149;0.976;0.160;0.731;0.000;0.682
50.525;-43.443;2.080;-48.031;-0.657;-0.205;0.726;-0.137;0.979;0.152;0.741;0.000;0.671
50.628;-43.649;2.080;-47.804;-0.657;-0.186;0.731;-0.124;0.983;0.138;0.744;0.000;0.668
50.729;-43.852;2.080;-47.577;-0.660;-0.179;0.729;-0.120;0.984;0.132;0.741;0.000;0.671
50.832;-44.061;2.080;-47.350;-0.671;-0.177;0.720;-0.121;0.984;0.130;0.732;0.000;0.682
50.933;-44.272;2.080;-47.133;-0.696;-0.183;0.695;-0.129;0.983;0.129;0.707;0.000;0.708
51.036;-44.491;2.080;-46.916;-0.699;-0.183;0.691;-0.130;0.983;0.129;0.703;0.000;0.711
51.139;-44.713;2.080;-46.697;-0.700;-0.183;0.691;-0.130;0.983;0.129;0.703;0.000;0.712
51.240;-44.927;2.080;-46.485;-0.701;-0.183;0.689;-0.130;0.983;0.128;0.701;0.000;0.713
51.341;-45.145;2.080;-46.272;-0.701;-0.183;0.689;-0.130;0.983;0.128;0.701;0.000;0.713
51.442;-45.359;2.080;-46.061;-0.701;-0.183;0.689;-0.130;0.983;0.128;0.701;0.000;0.713
51.544;-45.578;2.080;-45.845;-0.701;-0.183;0.689;-0.130;0.983;0.128;0.701;0.000;0.713
51.647;-45.799;2.080;-45.629;-0.701;-0.183;0.689;-0.130;0.983;0.128;0.701;0.000;0.713
51.747;-46.013;2.080;-45.418;-0.701;-0.183;0.689;-0.130;0.983;0.128;0.701;0.000;0.713
51.848;-46.229;2.080;-45.206;-0.701;-0.183;0.689;-0.130;0.983;0.128;0.701;0.000;0.713
51.951;-46.448;2.080;-44.990;-0.701;-0.183;0.689;-0.130;0.983;0.128;0.701;0.000;0.713
52.053;-46.665;2.080;-44.777;-0.701;-0.183;0.689;-0.130;0.983;0.128;0.701;0.000;0.713
52.156;-46.886;2.080;-44.560;-0.701;-0.183;0.689;-0.130;0.983;0.128;0.701;0.000;0.713
52.258;-47.105;2.080;-44.345;-0.701;-0.183;0.689;-0.130;0.983;0.128;0.701;0.000;0.713
52.359;-47.322;2.080;-44.131;-0.701;-0.183;0.689;-0.130;0.983;0.128;0.701;0.000;0.713
52.462;-47.542;2.080;-43.914;-0.701;-0.183;0.689;-0.130;0.983;0.128;0.701;0.000;0.713
52.563;-47.757;2.080;-43.703;-0.701;-0.183;0.689;-0.130;0.983;0.128;0.701;0.000;0.713
52.663;-47.972;2.080;-43.492;-0.701;-0.183;0.689;-0.130;0.983;0.128;0.701;0.000;0.713
52.766;-48.191;2.080;-43.277;-0.701;-0.183;0.689;-0.130;0.983;0.128;0.701;0.000;0.713
52.869;-48.412;2.080;-43.059;-0.701;-0.183;0.689;-0.130;0.983;0.128;0.701;0.000;0.713
52.972;-48.632;2.080;-42.843;-0.701;-0.183;0.689;-0.130;0.983;0.128;0.701;0.000;0.713
53.074;-48.846;2.080;-42.633;-0.701;-0.183;0.689;-0.130;0.983;0.128;0.701;0.000;0.713
53.175;-49.066;2.080;-42.416;-0.701;-0.183;0.689;-0.130;0.983;0.128;0.701;0.000;0.713
53.278;-49.273;2.080;-42.213;-0.701;-0.183;0.689;-0.130;0.983;0.128;0.701;0.000;0.713
53.379;-49.415;2.080;-42.074;-0.701;-0.183;0.689;-0.130;0.983;0.128;0.701;0.000;0.713
53.480;-49.490;2.080;-41.999;-0.701;-0.183;0.689;-0.130;0.983;0.128;0.701;0.000;0.713
53.581;-49.501;2.080;-41.989;-0.701;-0.183;0.689;-0.130;0.983;0.128;0.701;0.000;0.713
53.681;-49.505;2.080;-41.984;-0.701;-0.183;0.689;-0.130;0.983;0.128;0.701;0.000;0.713
53.783;-49.574;2.080;-41.917;-0.701;-0.183;0.689;-0.130;0.983;0.128;0.701;0.000;0.713
53.886;-49.711;2.080;-41.782;-0.701;-0.183;0.689;-0.130;0.983;0.128;0.701;0.000;0.713
53.988;-49.913;2.080;-41.584;-0.701;-0.183;0.689;-0.130;0.983;0.128;0.701;0.000;0.713
54.090;-50.130;2.080;-41.370;-0.701;-0.183;0.689;-0.130;0.983;0.128;0.701;0.000;0.713
54.193;-50.350;2.080;-41.154;-0.701;-0.183;0.689;-0.130;0.983;0.128;0.701;0.000;0.713
54.297;-50.574;2.080;-40.934;-0.701;-0.183;0.689;-0.130;0.983;0.128;0.701;0.000;0.713
54.398;-50.789;2.080;-40.722;-0.701;-0.183;0.689;-0.130;0.983;0.128;0.701;0.000;0.713
54.500;-51.008;2.080;-40.507;-0.701;-0.183;0.689;-0.130;0.983;0.128;0.701;0.000;0.713
54.602;-51.226;2.080;-40.292;-0.701;-0.183;0.689;-0.130;0.983;0.128;0.701;0.000;0.713
54.706;-51.448;2.080;-40.074;-0.701;-0.183;0.689;-0.130;0.983;0.128;0.701;0.000;0.713
54.807;-51.663;2.080;-39.863;-0.701;-0.183;0.689;-0.130;0.983;0.128;0.701;0.000;0.713
54.909;-51.882;2.080;-39.647;-0.701;-0.183;0.689;-0.130;0.983;0.128;0.701;0.000;0.713
55.010;-52.097;2.080;-39.436;-0.701;-0.183;0.689;-0.130;0.983;0.128;0.701;0.000;0.713
55.110;-52.312;2.080;-39.225;-0.701;-0.183;0.689;-0.130;0.983;0.128;0.701;0.000;0.713
55.214;-52.533;2.080;-39.007;-0.701;-0.183;0.689;-0.130;0.983;0.128;0.701;0.000;0.713
55.316;-52.753;2.080;-38.792;-0.701;-0.183;0.689;-0.130;0.983;0.128;0.701;0.000;0.713
55.417;-52.968;2.080;-38.580;-0.701;-0.183;0.689;-0.130;0.983;0.128;0.701;0.000;0.713
55.517;-53.183;2.080;-38.368;-0.701;-0.183;0.689;-0.130;0.983;0.128;0.701;0.000;0.713
55.617;-53.397;2.080;-38.158;-0.701;-0.183;0.689;-0.130;0.983;0.128;0.701;0.000;0.713
55.719;-53.615;2.080;-37.943;-0.701;-0.183;0.689;-0.130;0.983;0.128;0.701;0.000;0.713
55.820;-53.830;2.080;-37.732;-0.701;-0.183;0.689;-0.130;0.983;0.128;0.701;0.000;0.713
55.922;-54.052;2.080;-37.514;-0.701;-0.183;0.689;-0.130;0.983;0.128;0.701;0.000;0.713
56.023;-54.267;2.080;-37.302;-0.701;-0.183;0.689;-0.130;0.983;0.128;0.701;0.000;0.713
56.124;-54.481;2.080;-37.092;-0.701;-0.183;0.689;-0.130;0.983;0.128;0.701;0.000;0.713
56.225;-54.698;2.080;-36.879;-0.701;-0.183;0.689;-0.130;0.983;0.128;0.701;0.000;0.713
56.328;-54.918;2.080;-36.663;-0.701;-0.183;0.689;-0.130;0.983;0.128;0.701;0.000;0.713
56.429;-55.133;2.080;-36.451;-0.701;-0.182;0.689;-0.130;0.983;0.128;0.701;0.000;0.713
56.529;-55.348;2.080;-36.240;-0.701;-0.182;0.689;-0.130;0.983;0.128;0.701;0.000;0.713
56.630;-55.564;2.080;-36.027;-0.702;-0.178;0.689;-0.127;0.984;0.125;0.701;0.000;0.714
56.732;-55.781;2.080;-35.815;-0.703;-0.176;0.689;-0.126;0.984;0.123;0.700;0.000;0.715
56.834;-56.000;2.080;-35.600;-0.703;-0.176;0.689;-0.126;0.984;0.123;0.700;0.000;0.715
56.934;-56.216;2.080;-35.389;-0.703;-0.176;0.689;-0.126;0.984;0.123;0.700;0.000;0.715
57.035;-56.421;2.080;-35.188;-0.703;-0.177;0.689;-0.127;0.984;0.124;0.700;0.000;0.715
57.137;-56.568;2.080;-35.044;-0.701;-0.178;0.690;-0.127;0.984;0.125;0.701;0.000;0.713
57.238;-56.646;2.080;-34.966;-0.694;-0.178;0.698;-0.126;0.984;0.126;0.709;0.000;0.705
57.339;-56.659;2.080;-34.954;-0.669;-0.180;0.721;-0.123;0.984;0.132;0.733;0.000;0.680
57.442;-56.659;2.080;-34.954;-0.601;-0.181;0.778;-0.111;0.983;0.143;0.791;0.000;0.611
57.544;-56.659;2.080;-34.954;-0.484;-0.183;0.856;-0.090;0.983;0.159;0.870;0.000;0.492
57.646;-56.659;2.080;-34.954;-0.370;-0.181;0.911;-0.068;0.983;0.168;0.926;0.000;0.377
57.746;-56.659;2.080;-34.954;-0.305;-0.176;0.936;-0.055;0.984;0.168;0.951;0.000;0.310
57.846;-56.659;2.080;-34.954;-0.178;-0.176;0.968;-0.032;0.984;0.173;0.983;0.000;0.181
57.947;-56.659;2.080;-34.954;0.000;-0.184;0.983;0.000;0.983;0.184;1.000;0.000;0.000
58.051;-56.659;2.080;-34.954;0.332;-0.212;0.919;0.072;0.977;0.199;0.940;0.000;-0.340
58.154;-56.659;2.080;-34.954;0.658;-0.214;0.722;0.144;0.977;0.158;0.739;0.000;-0.673
58.257;-56.659;2.080;-34.954;0.728;-0.214;0.651;0.159;0.977;0.143;0.667;0.000;-0.745
58.362;-56.659;2.080;-34.954;0.840;-0.218;0.497;0.187;0.976;0.111;0.509;0.000;-0.861
58.464;-56.659;2.080;-34.954;0.920;-0.216;0.328;0.203;0.976;0.072;0.336;0.000;-0.942
58.565;-56.659;2.080;-34.954;0.958;-0.205;0.201;0.201;0.979;0.042;0.205;0.000;-0.979
58.666;-56.659;2.080;-34.954;0.976;-0.205;0.075;0.205;0.979;0.016;0.077;0.000;-0.997
58.769;-56.659;2.080;-34.954;0.960;-0.196;-0.198;0.192;0.981;-0.040;-0.202;0.000;-0.979
58.876;-56.659;2.080;-34.954;0.915;-0.191;-0.356;0.178;0.982;-0.069;-0.362;0.000;-0.932
58.980;-56.659;2.080;-34.954;0.793;-0.186;-0.580;0.150;0.982;-0.110;-0.590;0.000;-0.807
59.080;-56.659;2.080;-34.954;0.756;-0.183;-0.629;0.141;0.983;-0.117;-0.640;0.000;-0.769
59.182;-56.659;2.080;-34.954;0.714;-0.180;-0.677;0.131;0.984;-0.124;-0.688;0.000;-0.725
59.286;-56.659;2.080;-34.954;0.714;-0.180;-0.677;0.131;0.984;-0.124;-0.688;0.000;-0.725
59.388;-56.644;2.080;-34.968;0.714;-0.180;-0.677;0.131;0.984;-0.124;-0.688;0.000;-0.725
59.489;-56.564;2.080;-35.044;0.712;-0.180;-0.679;0.130;0.984;-0.124;-0.690;0.000;-0.724
59.593;-56.413;2.080;-35.189;0.709;-0.180;-0.682;0.130;0.984;-0.125;-0.693;0.000;-0.721
59.696;-56.200;2.080;-35.394;0.708;-0.180;-0.683;0.130;0.984;-0.125;-0.694;0.000;-0.720
59.797;-55.983;2.080;-35.603;0.707;-0.179;-0.684;0.129;0.984;-0.124;-0.695;0.000;-0.719
59.901;-55.758;2.080;-35.821;0.707;-0.179;-0.685;0.128;0.984;-0.124;-0.696;0.000;-0.718
60.003;-55.538;2.080;-36.035;0.707;-0.177;-0.685;0.127;0.984;-0.123;-0.696;0.000;-0.718
60.107;-55.315;2.080;-36.250;0.707;-0.177;-0.685;0.127;0.984;-0.123;-0.696;0.000;-0.718
60.208;-55.096;2.080;-36.462;0.707;-0.177;-0.685;0.127;0.984;-0.123;-0.696;0.000;-0.718
60.309;-54.878;2.080;-36.674;0.707;-0.176;-0.685;0.126;0.984;-0.122;-0.696;0.000;-0.718
60.412;-54.657;2.080;-36.886;0.712;-0.175;-0.680;0.126;0.985;-0.121;-0.691;0.000;-0.723
60.513;-54.437;2.080;-37.096;0.717;-0.171;-0.676;0.124;0.985;-0.117;-0.686;0.000;-0.727
60.617;-54.209;2.080;-37.310;0.719;-0.170;-0.674;0.124;0.985;-0.116;-0.684;0.000;-0.730
60.722;-53.979;2.080;-37.525;0.720;-0.170;-0.673;0.124;0.985;-0.116;-0.683;0.000;-0.731
60.827;-53.750;2.080;-37.739;0.722;-0.169;-0.671;0.123;0.986;-0.115;-0.681;0.000;-0.732
60.930;-53.523;2.080;-37.949;0.722;-0.169;-0.671;0.123;0.986;-0.115;-0.681;0.000;-0.732
61.033;-53.298;2.080;-38.159;0.721;-0.171;-0.672;0.125;0.985;-0.116;-0.682;0.000;-0.731
61.134;-53.073;2.080;-38.367;0.728;-0.180;-0.661;0.134;0.984;-0.121;-0.672;0.000;-0.740
61.236;-52.843;2.080;-38.565;0.742;-0.207;-0.637;0.157;0.978;-0.135;-0.652;0.000;-0.759
61.337;-52.614;2.080;-38.763;0.742;-0.207;-0.637;0.157;0.978;-0.135;-0.652;0.000;-0.759
61.438;-52.382;2.080;-38.961;0.742;-0.207;-0.637;0.157;0.978;-0.135;-0.652;0.000;-0.759
61.543;-52.145;2.080;-39.165;0.742;-0.207;-0.637;0.157;0.978;-0.135;-0.652;0.000;-0.759
61.643;-51.917;2.080;-39.362;0.736;-0.202;-0.646;0.152;0.979;-0.133;-0.659;0.000;-0.752
61.746;-51.690;2.080;-39.572;0.706;-0.192;-0.681;0.138;0.981;-0.133;-0.694;0.000;-0.720
61.847;-51.481;2.080;-39.791;0.657;-0.190;-0.730;0.127;0.982;-0.141;-0.743;0.000;-0.669
61.948;-51.280;2.080;-40.018;0.651;-0.189;-0.735;0.125;0.982;-0.142;-0.749;0.000;-0.663
62.050;-51.077;2.080;-40.247;0.650;-0.189;-0.736;0.125;0.982;-0.142;-0.749;0.000;-0.662
62.153;-50.874;2.080;-40.477;0.650;-0.189;-0.736;0.125;0.982;-0.142;-0.749;0.000;-0.662
62.257;-50.664;2.080;-40.714;0.650;-0.189;-0.736;0.125;0.982;-0.142;-0.749;0.000;-0.662
62.360;-50.459;2.080;-40.947;0.649;-0.189;-0.736;0.125;0.982;-0.142;-0.750;0.000;-0.661
62.461;-50.260;2.080;-41.173;0.648;-0.189;-0.738;0.125;0.982;-0.142;-0.752;0.000;-0.660
62.562;-50.060;2.080;-41.401;0.648;-0.189;-0.738;0.125;0.982;-0.142;-0.752;0.000;-0.660
62.665;-49.855;2.080;-41.634;0.648;-0.189;-0.738;0.125;0.982;-0.142;-0.752;0.000;-0.660
62.768;-49.652;2.080;-41.866;0.648;-0.189;-0.738;0.125;0.982;-0.142;-0.752;0.000;-0.660
62.871;-49.448;2.080;-42.098;0.648;-0.189;-0.738;0.125;0.982;-0.142;-0.752;0.000;-0.660
62.975;-49.250;2.080;-42.324;0.648;-0.189;-0.738;0.125;0.982;-0.142;-0.752;0.000;-0.660
63.076;-49.042;2.080;-42.561;0.648;-0.189;-0.738;0.125;0.982;-0.142;-0.752;0.000;-0.660
63.178;-48.840;2.080;-42.791;0.648;-0.189;-0.738;0.125;0.982;-0.142;-0.752;0.000;-0.660
63.281;-48.636;2.080;-43.023;0.648;-0.189;-0.738;0.125;0.982;-0.142;-0.752;0.000;-0.660
63.382;-48.436;2.080;-43.251;0.648;-0.189;-0.738;0.125;0.982;-0.142;-0.752;0.000;-0.660
63.484;-48.234;2.080;-43.482;0.648;-0.189;-0.738;0.125;0.982;-0.142;-0.752;0.000;-0.660
63.588;-48.032;2.080;-43.712;0.648;-0.189;-0.738;0.125;0.982;-0.142;-0.752;0.000;-0.660
63.689;-47.831;2.080;-43.941;0.648;-0.189;-0.738;0.125;0.982;-0.142;-0.752;0.000;-0.660
63.792;-47.627;2.080;-44.172;0.657;-0.188;-0.730;0.126;0.982;-0.140;-0.744;0.000;-0.669
63.893;-47.421;2.080;-44.395;0.680;-0.186;-0.709;0.129;0.983;-0.134;-0.722;0.000;-0.692
63.997;-47.199;2.080;-44.615;0.703;-0.186;-0.686;0.133;0.983;-0.130;-0.698;0.000;-0.716
64.099;-46.980;2.080;-44.827;0.707;-0.186;-0.683;0.134;0.983;-0.129;-0.695;0.000;-0.719
64.202;-46.757;2.080;-45.042;0.709;-0.186;-0.680;0.134;0.983;-0.129;-0.693;0.000;-0.721
64.305;-46.533;2.080;-45.255;0.720;-0.189;-0.668;0.138;0.982;-0.128;-0.680;0.000;-0.733
64.408;-46.335;2.080;-45.360;0.771;-0.195;-0.606;0.154;0.981;-0.121;-0.618;0.000;-0.786
64.512;-46.179;2.080;-45.118;0.798;-0.193;-0.571;0.157;0.981;-0.112;-0.582;0.000;-0.813
64.614;-45.870;2.080;-44.970;0.812;-0.193;-0.550;0.160;0.981;-0.108;-0.561;0.000;-0.828
64.717;-45.611;2.080;-45.136;0.842;-0.196;-0.502;0.169;0.981;-0.101;-0.512;0.000;-0.859
64.821;-45.332;2.080;-45.274;0.891;-0.221;-0.397;0.201;0.975;-0.090;-0.408;0.000;-0.913
64.924;-45.049;2.080;-45.404;0.866;-0.220;-0.449;0.195;0.976;-0.101;-0.460;0.000;-0.888
65.026;-44.787;2.080;-45.560;0.793;-0.208;-0.573;0.168;0.978;-0.122;-0.586;0.000;-0.810
65.126;-44.552;2.080;-45.747;0.763;-0.205;-0.613;0.160;0.979;-0.129;-0.626;0.000;-0.780
65.228;-44.314;2.080;-45.938;0.763;-0.205;-0.613;0.160;0.979;-0.129;-0.626;0.000;-0.780
65.329;-44.075;2.080;-46.125;0.785;-0.211;-0.582;0.169;0.978;-0.126;-0.595;0.000;-0.803
65.432;-43.833;2.080;-46.309;0.821;-0.220;-0.526;0.185;0.975;-0.119;-0.540;0.000;-0.842
65.532;-43.586;2.080;-46.475;0.891;-0.233;-0.390;0.214;0.972;-0.094;-0.401;0.000;-0.916
65.632;-43.299;2.080;-46.558;0.950;-0.256;-0.176;0.252;0.967;-0.047;-0.182;0.000;-0.983
65.733;-42.999;2.080;-46.603;0.962;-0.258;-0.092;0.257;0.966;-0.025;-0.095;0.000;-0.995
65.836;-42.692;2.080;-46.607;0.960;-0.263;0.099;0.262;0.965;0.027;0.102;0.000;-0.995
65.936;-42.398;2.080;-46.544;0.917;-0.283;0.282;0.270;0.959;0.083;0.294;0.000;-0.956
66.040;-42.141;2.080;-46.477;0.839;-0.293;0.458;0.257;0.956;0.140;0.479;0.000;-0.878
66.144;-41.999;2.080;-46.675;0.781;-0.292;0.552;0.238;0.957;0.168;0.577;0.000;-0.817
66.244;-41.741;2.080;-46.720;0.720;-0.286;0.632;0.215;0.958;0.189;0.659;0.000;-0.752
66.348;-41.508;2.080;-46.513;0.690;-0.282;0.667;0.203;0.960;0.196;0.695;0.000;-0.719
66.448;-41.298;2.080;-46.302;0.671;-0.282;0.686;0.197;0.960;0.201;0.714;0.000;-0.700
66.558;-41.067;2.080;-46.064;0.669;-0.278;0.689;0.194;0.960;0.200;0.718;0.000;-0.696
66.663;-40.846;2.080;-45.837;0.669;-0.275;0.690;0.192;0.961;0.198;0.718;0.000;-0.696
66.767;-40.631;2.080;-45.614;0.665;-0.256;0.702;0.176;0.967;0.185;0.726;0.000;-0.688
66.871;-40.418;2.080;-45.384;0.659;-0.204;0.724;0.138;0.979;0.151;0.739;0.000;-0.674
66.974;-40.213;2.080;-45.155;0.653;-0.169;0.738;0.112;0.986;0.127;0.749;0.000;-0.662
67.081;-40.001;2.080;-44.913;0.651;-0.159;0.743;0.105;0.987;0.120;0.752;0.000;-0.659
67.184;-39.797;2.080;-44.681;0.651;-0.158;0.743;0.104;0.987;0.119;0.752;0.000;-0.659
67.286;-39.597;2.080;-44.452;0.651;-0.158;0.743;0.104;0.987;0.119;0.752;0.000;-0.659
67.388;-39.394;2.080;-44.221;0.651;-0.158;0.743;0.104;0.987;0.119;0.752;0.000;-0.659
67.492;-39.190;2.080;-43.988;0.651;-0.158;0.743;0.104;0.987;0.119;0.752;0.000;-0.659
67.596;-38.982;2.080;-43.750;0.651;-0.158;0.743;0.104;0.987;0.119;0.752;0.000;-0.659
67.698;-38.781;2.080;-43.521;0.651;-0.158;0.743;0.104;0.987;0.119;0.752;0.000;-0.659
67.798;-38.583;2.080;-43.295;0.651;-0.158;0.743;0.104;0.987;0.119;0.752;0.000;-0.659
67.903;-38.378;2.080;-43.061;0.651;-0.158;0.743;0.104;0.987;0.119;0.752;0.000;-0.659
68.006;-38.168;2.080;-42.827;0.674;-0.152;0.723;0.104;0.988;0.112;0.732;0.000;-0.682
68.111;-37.954;2.080;-42.599;0.679;-0.152;0.718;0.105;0.988;0.111;0.726;0.000;-0.687
68.215;-37.741;2.080;-42.377;0.687;-0.150;0.711;0.104;0.989;0.108;0.719;0.000;-0.695
68.318;-37.522;2.080;-42.150;0.688;-0.150;0.710;0.104;0.989;0.107;0.718;0.000;-0.696
68.425;-37.300;2.080;-41.922;0.688;-0.150;0.710;0.104;0.989;0.107;0.718;0.000;-0.696
68.525;-37.113;2.080;-41.805;0.688;-0.150;0.710;0.104;0.989;0.107;0.718;0.000;-0.696
68.629;-36.904;2.080;-41.924;0.688;-0.150;0.710;0.104;0.989;0.107;0.718;0.000;-0.696
68.736;-36.591;2.080;-41.926;0.688;-0.150;0.710;0.104;0.989;0.107;0.718;0.000;-0.696
68.837;-36.379;2.080;-41.707;0.688;-0.150;0.710;0.104;0.989;0.107;0.718;0.000;-0.696
68.938;-36.168;2.080;-41.490;0.688;-0.150;0.710;0.104;0.989;0.107;0.718;0.000;-0.696
69.042;-35.954;2.080;-41.268;0.688;-0.150;0.710;0.104;0.989;0.107;0.718;0.000;-0.696
69.151;-35.724;2.080;-41.029;0.684;-0.150;0.714;0.103;0.989;0.108;0.723;0.000;-0.691
69.253;-35.513;2.080;-40.809;0.682;-0.148;0.717;0.102;0.989;0.107;0.725;0.000;-0.689
69.353;-35.306;2.080;-40.590;0.675;-0.147;0.723;0.100;0.989;0.107;0.731;0.000;-0.682
69.457;-35.094;2.080;-40.361;0.670;-0.147;0.728;0.099;0.989;0.108;0.736;0.000;-0.677
69.557;-34.891;2.080;-40.139;0.667;-0.147;0.730;0.099;0.989;0.108;0.738;0.000;-0.675
69.662;-34.680;2.080;-39.908;0.667;-0.147;0.730;0.099;0.989;0.108;0.738;0.000;-0.675
69.766;-34.469;2.080;-39.678;0.667;-0.147;0.730;0.099;0.989;0.108;0.738;0.000;-0.675
69.867;-34.263;2.080;-39.452;0.667;-0.147;0.730;0.099;0.989;0.108;0.738;0.000;-0.675
69.972;-34.052;2.080;-39.220;0.665;-0.147;0.732;0.099;0.989;0.108;0.740;0.000;-0.673
70.076;-33.844;2.080;-38.991;0.665;-0.147;0.732;0.099;0.989;0.108;0.740;0.000;-0.673
70.178;-33.636;2.080;-38.762;0.662;-0.147;0.735;0.098;0.989;0.109;0.743;0.000;-0.670
70.281;-33.430;2.080;-38.532;0.661;-0.147;0.736;0.098;0.989;0.109;0.744;0.000;-0.668
70.385;-33.221;2.080;-38.300;0.661;-0.147;0.736;0.098;0.989;0.109;0.744;0.000;-0.668
70.487;-33.019;2.080;-38.074;0.661;-0.147;0.736;0.098;0.989;0.109;0.744;0.000;-0.668
70.588;-32.816;2.080;-37.848;0.661;-0.147;0.736;0.098;0.989;0.109;0.744;0.000;-0.668
70.691;-32.608;2.080;-37.617;0.660;-0.147;0.737;0.098;0.989;0.109;0.745;0.000;-0.667
70.793;-32.408;2.080;-37.391;0.652;-0.147;0.744;0.097;0.989;0.110;0.752;0.000;-0.659
70.896;-32.203;2.080;-37.153;0.640;-0.144;0.755;0.093;0.990;0.110;0.762;0.000;-0.647
71.000;-32.002;2.080;-36.916;0.638;-0.144;0.757;0.093;0.990;0.110;0.764;0.000;-0.645
71.104;-31.806;2.080;-36.674;0.607;-0.145;0.781;0.089;0.989;0.114;0.790;0.000;-0.614
71.208;-31.623;2.080;-36.419;0.566;-0.150;0.811;0.086;0.989;0.123;0.820;0.000;-0.573
71.313;-31.462;2.080;-36.168;0.500;-0.162;0.851;0.082;0.987;0.139;0.862;0.000;-0.507
71.416;-31.361;2.080;-35.988;0.464;-0.168;0.870;0.079;0.986;0.148;0.883;0.000;-0.470
71.517;-31.314;2.080;-35.889;0.378;-0.176;0.909;0.068;0.984;0.163;0.923;0.000;-0.384
71.621;-31.307;2.080;-35.870;0.213;-0.176;0.961;0.038;0.984;0.172;0.976;0.000;-0.216
71.723;-31.307;2.080;-35.870;0.091;-0.172;0.981;0.016;0.985;0.171;0.996;0.000;-0.092
71.825;-31.307;2.080;-35.870;0.043;-0.169;0.985;0.007;0.986;0.169;0.999;0.000;-0.044
71.926;-31.307;2.080;-35.870;-0.048;-0.154;0.987;-0.008;0.988;0.154;0.999;0.000;0.049
72.027;-31.307;2.080;-35.870;-0.082;-0.151;0.985;-0.012;0.989;0.150;0.997;0.000;0.083
72.133;-31.307;2.080;-35.870;-0.083;-0.149;0.985;-0.013;0.989;0.149;0.996;0.000;0.084
72.237;-31.307;2.080;-35.870;-0.083;-0.149;0.985;-0.013;0.989;0.149;0.996;0.000;0.084
72.338;-31.307;2.080;-35.870;-0.031;-0.156;0.987;-0.005;0.988;0.156;1.000;0.000;0.031
72.440;-31.307;2.080;-35.870;0.098;-0.180;0.979;0.018;0.984;0.179;0.995;0.000;-0.100
72.545;-31.307;2.080;-35.870;0.301;-0.209;0.930;0.064;0.978;0.199;0.951;0.000;-0.308
72.646;-31.307;2.080;-35.870;0.504;-0.210;0.838;0.108;0.978;0.180;0.857;0.000;-0.515
72.752;-31.307;2.080;-35.870;0.695;-0.217;0.686;0.154;0.976;0.152;0.703;0.000;-0.711
72.853;-31.307;2.080;-35.870;0.832;-0.234;0.503;0.200;0.972;0.121;0.517;0.000;-0.856
72.961;-31.307;2.080;-35.870;0.920;-0.234;0.314;0.221;0.972;0.076;0.323;0.000;-0.946
73.068;-31.307;2.080;-35.870;0.952;-0.224;0.208;0.218;0.975;0.048;0.214;0.000;-0.977
73.169;-31.307;2.080;-35.870;0.963;-0.214;0.166;0.211;0.977;0.036;0.170;0.000;-0.986
73.273;-31.307;2.080;-35.870;0.980;-0.188;0.070;0.188;0.982;0.013;0.072;0.000;-0.997
73.373;-31.307;2.080;-35.870;0.985;-0.171;0.020;0.171;0.985;0.003;0.020;0.000;-1.000
73.474;-31.298;2.080;-35.870;0.986;-0.166;0.007;0.166;0.986;0.001;0.007;0.000;-1.000
73.576;-31.202;2.080;-35.871;0.986;-0.163;-0.019;0.163;0.987;-0.003;-0.019;0.000;-1.000
73.676;-31.016;2.080;-35.876;0.986;-0.162;-0.027;0.162;0.987;-0.004;-0.028;0.000;-1.000
73.778;-30.736;2.080;-35.884;0.986;-0.162;-0.028;0.162;0.987;-0.005;-0.028;0.000;-1.000
73.881;-30.427;2.080;-35.893;0.986;-0.162;-0.029;0.162;0.987;-0.005;-0.029;0.000;-1.000
73.982;-30.125;2.080;-35.902;0.986;-0.162;-0.030;0.162;0.987;-0.005;-0.030;0.000;-1.000
74.082;-29.825;2.080;-35.911;0.986;-0.162;-0.031;0.162;0.987;-0.005;-0.031;0.000;-1.000
74.183;-29.521;2.080;-35.921;0.986;-0.162;-0.032;0.162;0.987;-0.005;-0.032;0.000;-0.999
74.286;-29.214;2.080;-35.931;0.986;-0.162;-0.032;0.162;0.987;-0.005;-0.032;0.000;-0.999
74.386;-28.919;2.080;-35.932;0.986;-0.162;-0.032;0.162;0.987;-0.005;-0.032;0.000;-0.999
74.490;-28.664;2.080;-35.835;0.986;-0.162;-0.032;0.162;0.987;-0.005;-0.032;0.000;-0.999
74.592;-28.406;2.080;-35.735;0.986;-0.162;-0.032;0.162;0.987;-0.005;-0.032;0.000;-0.999
74.694;-28.136;2.080;-35.640;0.986;-0.162;-0.032;0.162;0.987;-0.005;-0.032;0.000;-0.999
74.795;-27.885;2.080;-35.483;0.986;-0.162;-0.032;0.162;0.987;-0.005;-0.032;0.000;-0.999
74.896;-27.601;2.080;-35.402;0.987;-0.160;-0.035;0.160;0.987;-0.006;-0.035;0.000;-0.999
74.997;-27.315;2.080;-35.312;0.983;-0.150;-0.101;0.150;0.989;-0.015;-0.103;0.000;-0.995
75.099;-27.019;2.080;-35.262;0.978;-0.156;-0.137;0.154;0.988;-0.022;-0.139;0.000;-0.990
75.200;-26.720;2.080;-35.227;0.971;-0.156;-0.182;0.153;0.988;-0.029;-0.184;0.000;-0.983
75.300;-26.402;2.080;-35.110;0.969;-0.154;-0.191;0.151;0.988;-0.030;-0.193;0.000;-0.981
75.403;-26.283;2.080;-35.066;0.962;-0.141;-0.232;0.137;0.990;-0.033;-0.235;0.000;-0.972
75.504;-26.330;2.080;-34.987;0.953;-0.127;-0.274;0.122;0.992;-0.035;-0.276;0.000;-0.961
75.605;-26.330;2.080;-34.987;0.948;-0.119;-0.295;0.114;0.993;-0.035;-0.297;0.000;-0.955
75.707;-26.330;2.080;-34.987;0.948;-0.119;-0.295;0.114;0.993;-0.035;-0.297;0.000;-0.955
75.808;-26.329;2.080;-34.992;0.947;-0.121;-0.297;0.115;0.993;-0.036;-0.299;0.000;-0.954
75.912;-26.297;2.080;-35.086;0.944;-0.136;-0.302;0.130;0.991;-0.041;-0.304;0.000;-0.953
76.015;-26.232;2.080;-35.192;0.919;-0.202;-0.339;0.189;0.979;-0.070;-0.346;0.000;-0.938
76.115;-26.143;2.080;-35.275;0.847;-0.295;-0.443;0.261;0.956;-0.137;-0.463;0.000;-0.886
76.216;-26.119;2.080;-35.298;0.844;-0.296;-0.448;0.261;0.955;-0.139;-0.469;0.000;-0.883
76.318;-26.119;2.080;-35.298;0.844;-0.296;-0.448;0.261;0.955;-0.139;-0.469;0.000;-0.883
76.421;-26.119;2.080;-35.298;0.846;-0.293;-0.446;0.259;0.956;-0.137;-0.466;0.000;-0.885
76.524;-26.091;2.080;-35.325;0.847;-0.290;-0.445;0.257;0.957;-0.135;-0.465;0.000;-0.885
76.625;-25.997;2.080;-35.418;0.841;-0.288;-0.457;0.253;0.958;-0.137;-0.478;0.000;-0.879
76.726;-25.840;2.080;-35.575;0.840;-0.287;-0.460;0.252;0.958;-0.138;-0.481;0.000;-0.877
76.828;-25.636;2.080;-35.778;0.840;-0.287;-0.460;0.252;0.958;-0.138;-0.480;0.000;-0.877
76.929;-25.407;2.080;-35.962;0.874;-0.288;-0.392;0.263;0.958;-0.118;-0.409;0.000;-0.912
77.030;-25.125;2.080;-36.069;0.914;-0.286;-0.288;0.272;0.958;-0.086;-0.301;0.000;-0.954
77.132;-24.824;2.080;-36.136;0.950;-0.284;-0.130;0.282;0.959;-0.039;-0.136;0.000;-0.991
77.234;-24.519;2.080;-36.160;0.958;-0.283;-0.047;0.283;0.959;-0.014;-0.049;0.000;-0.999
77.335;-24.217;2.080;-36.166;0.960;-0.280;-0.004;0.280;0.960;-0.001;-0.004;0.000;-1.000
77.438;-23.908;2.080;-36.161;0.960;-0.277;0.041;0.277;0.961;0.012;0.043;0.000;-0.999
77.541;-23.601;2.080;-36.126;0.948;-0.267;0.174;0.262;0.964;0.048;0.181;0.000;-0.984
77.645;-23.349;2.080;-36.061;0.902;-0.245;0.356;0.228;0.969;0.090;0.367;0.000;-0.930
77.745;-23.355;2.080;-36.029;0.869;-0.238;0.434;0.213;0.971;0.106;0.447;0.000;-0.895
77.847;-23.421;2.080;-35.977;0.814;-0.238;0.530;0.199;0.971;0.130;0.546;0.000;-0.838
77.951;-23.408;2.080;-35.964;0.715;-0.238;0.657;0.175;0.971;0.161;0.676;0.000;-0.737
78.055;-23.408;2.080;-35.964;0.685;-0.237;0.689;0.167;0.972;0.168;0.709;0.000;-0.705
78.158;-23.408;2.080;-35.964;0.671;-0.228;0.706;0.157;0.974;0.165;0.725;0.000;-0.689
78.261;-23.408;2.080;-35.964;0.646;-0.201;0.737;0.132;0.980;0.151;0.752;0.000;-0.659
78.365;-23.408;2.080;-35.964;0.599;-0.172;0.782;0.104;0.985;0.136;0.794;0.000;-0.608
78.467;-23.408;2.080;-35.964;0.565;-0.153;0.811;0.088;0.988;0.126;0.820;0.000;-0.572
78.571;-23.408;2.080;-35.964;0.544;-0.148;0.826;0.082;0.989;0.124;0.835;0.000;-0.550
78.675;-23.406;2.080;-35.961;0.517;-0.131;0.846;0.068;0.991;0.111;0.853;0.000;-0.522
78.778;-23.363;2.080;-35.887;0.496;-0.116;0.861;0.058;0.993;0.101;0.866;0.000;-0.499
78.878;-23.275;2.080;-35.734;0.491;-0.113;0.864;0.056;0.994;0.099;0.869;0.000;-0.495
78.981;-23.141;2.080;-35.499;0.491;-0.112;0.864;0.055;0.994;0.097;0.870;0.000;-0.494
79.083;-22.990;2.080;-35.233;0.491;-0.112;0.864;0.055;0.994;0.097;0.870;0.000;-0.494
79.184;-22.840;2.080;-34.968;0.489;-0.112;0.865;0.055;0.994;0.098;0.870;0.000;-0.492
79.286;-22.689;2.080;-34.701;0.488;-0.111;0.866;0.054;0.994;0.097;0.871;0.000;-0.491
79.389;-22.539;2.080;-34.433;0.486;-0.111;0.867;0.054;0.994;0.097;0.872;0.000;-0.489
79.494;-22.388;2.080;-34.156;0.455;-0.111;0.884;0.051;0.994;0.099;0.889;0.000;-0.458
79.596;-22.258;2.080;-33.877;0.401;-0.114;0.909;0.046;0.994;0.104;0.915;0.000;-0.404
79.699;-22.153;2.080;-33.589;0.326;-0.121;0.938;0.040;0.993;0.114;0.944;0.000;-0.329
79.801;-22.073;2.080;-33.353;0.305;-0.122;0.945;0.037;0.993;0.116;0.952;0.000;-0.307
79.901;-22.026;2.080;-33.206;0.299;-0.120;0.947;0.036;0.993;0.114;0.954;0.000;-0.301
80.002;-22.008;2.080;-33.147;0.268;-0.103;0.958;0.028;0.995;0.100;0.963;0.000;-0.269
80.104;-22.008;2.080;-33.147;0.222;-0.062;0.973;0.014;0.998;0.060;0.975;0.000;-0.223
80.207;-22.008;2.080;-33.147;0.140;-0.052;0.989;0.007;0.999;0.052;0.990;0.000;-0.140
80.312;-22.008;2.080;-33.147;-0.008;-0.068;0.998;-0.001;0.998;0.068;1.000;0.000;0.008
80.416;-22.008;2.080;-33.147;-0.116;-0.082;0.990;-0.010;0.997;0.082;0.993;0.000;0.116
80.524;-22.008;2.080;-33.147;-0.179;-0.090;0.980;-0.016;0.996;0.089;0.984;0.000;0.179
80.628;-22.008;2.080;-33.147;-0.197;-0.092;0.976;-0.018;0.996;0.091;0.980;0.000;0.198
80.732;-22.008;2.080;-33.147;-0.197;-0.092;0.976;-0.018;0.996;0.091;0.980;0.000;0.198
80.833;-22.008;2.080;-33.147;-0.186;-0.096;0.978;-0.018;0.995;0.094;0.982;0.000;0.186
80.934;-22.008;2.080;-33.147;-0.059;-0.101;0.993;-0.006;0.995;0.101;0.998;0.000;0.060
81.037;-22.008;2.080;-33.147;0.067;-0.103;0.992;0.007;0.995;0.102;0.998;0.000;-0.067
81.139;-22.008;2.080;-33.147;0.166;-0.104;0.981;0.017;0.995;0.103;0.986;0.000;-0.167
81.241;-22.008;2.080;-33.147;0.206;-0.105;0.973;0.022;0.994;0.103;0.978;0.000;-0.207
81.342;-22.008;2.080;-33.147;0.209;-0.105;0.972;0.022;0.994;0.103;0.978;0.000;-0.210
81.442;-22.008;2.080;-33.147;0.209;-0.105;0.972;0.022;0.994;0.103;0.978;0.000;-0.210
81.547;-22.008;2.080;-33.147;0.209;-0.105;0.972;0.022;0.994;0.103;0.978;0.000;-0.210
81.647;-22.008;2.080;-33.147;0.209;-0.105;0.972;0.022;0.994;0.103;0.978;0.000;-0.210
81.749;-21.997;2.080;-33.093;0.209;-0.105;0.972;0.022;0.994;0.103;0.978;0.000;-0.210
81.851;-21.965;2.080;-32.944;0.209;-0.105;0.972;0.022;0.994;0.103;0.978;0.000;-0.210
81.953;-21.913;2.080;-32.705;0.209;-0.105;0.972;0.022;0.994;0.103;0.978;0.000;-0.210
82.054;-21.850;2.080;-32.411;0.209;-0.105;0.972;0.022;0.994;0.103;0.978;0.000;-0.210
82.154;-21.787;2.080;-32.117;0.209;-0.105;0.972;0.022;0.994;0.103;0.978;0.000;-0.210
82.257;-21.722;2.080;-31.815;0.209;-0.105;0.972;0.022;0.994;0.103;0.978;0.000;-0.210
82.359;-21.657;2.080;-31.514;0.209;-0.105;0.972;0.022;0.994;0.103;0.978;0.000;-0.210
82.460;-21.594;2.080;-31.219;0.209;-0.105;0.972;0.022;0.994;0.103;0.978;0.000;-0.210
82.563;-21.529;2.080;-30.919;0.209;-0.105;0.972;0.022;0.994;0.103;0.978;0.000;-0.210
82.665;-21.464;2.080;-30.616;0.209;-0.105;0.972;0.022;0.994;0.103;0.978;0.000;-0.210
82.768;-21.390;2.080;-30.421;0.209;-0.105;0.972;0.022;0.994;0.103;0.978;0.000;-0.210
82.868;-21.279;2.080;-30.401;0.209;-0.105;0.972;0.022;0.994;0.103;0.978;0.000;-0.210
82.969;-21.137;2.080;-30.356;0.209;-0.105;0.972;0.022;0.994;0.103;0.978;0.000;-0.210
83.076;-20.958;2.080;-30.261;0.209;-0.105;0.972;0.022;0.994;0.103;0.978;0.000;-0.210
